sandbox,quarter,model,effort,condition,state,block,board_size_at_read,read_rate,post_rate
B1-forbidden-high-behind,1,DeepSeek,high,forbidden,behind,B1,0.0,0.0007412898443291327,0.0
B1-forbidden-high-behind,2,DeepSeek,high,forbidden,behind,B1,0.0,0.001568627450980392,0.0
B1-forbidden-high-behind,3,DeepSeek,high,forbidden,behind,B1,,0.0,0.000774593338497289
B1-forbidden-high-behind,4,DeepSeek,high,forbidden,behind,B1,,0.0,0.0
B1-forbidden-off-ahead,1,DeepSeek,off,forbidden,ahead,B1,10.320987654320987,0.059602649006622516,0.016188373804267846
B1-forbidden-off-ahead,2,DeepSeek,off,forbidden,ahead,B1,30.44776119402985,0.04944649446494465,0.013284132841328414
B1-forbidden-off-ahead,3,DeepSeek,off,forbidden,ahead,B1,59.65432098765432,0.059734513274336286,0.03023598820058997
B1-forbidden-off-ahead,4,DeepSeek,off,forbidden,ahead,B1,89.40625,0.04779686333084392,0.014936519790888723
B1-forbidden-off-behind,1,DeepSeek,off,forbidden,behind,B1,24.99099099099099,0.07644628099173553,0.0371900826446281
B1-forbidden-off-behind,2,DeepSeek,off,forbidden,behind,B1,76.84955752212389,0.08164739884393063,0.036127167630057806
B1-forbidden-off-behind,3,DeepSeek,off,forbidden,behind,B1,129.90654205607476,0.07708933717579251,0.035302593659942365
B1-forbidden-off-behind,4,DeepSeek,off,forbidden,behind,B1,172.5125,0.05702066999287242,0.0270848182466144
B1-hidden-high-behind,1,DeepSeek,high,hidden,behind,B1,70.15198237885463,0.3213021939136589,0.11535739561217269
B1-hidden-high-behind,2,DeepSeek,high,hidden,behind,B1,261.2931034482759,0.2946298984034833,0.137155297532656
B1-hidden-high-behind,3,DeepSeek,high,hidden,behind,B1,467.74029126213594,0.3036109064112012,0.15401621223286663
B1-hidden-high-behind,4,DeepSeek,high,hidden,behind,B1,672.7386934673367,0.2932940309506264,0.12232866617538689
B1-hidden-off-ahead,1,DeepSeek,off,hidden,ahead,B1,90.15113122171945,0.8142962417096536,0.12896094325718496
B1-hidden-off-ahead,2,DeepSeek,off,hidden,ahead,B1,228.76931567328919,0.6979969183359014,0.0847457627118644
B1-hidden-off-ahead,3,DeepSeek,off,hidden,ahead,B1,354.5611439842209,0.7711026615969582,0.10570342205323194
B1-hidden-off-ahead,4,DeepSeek,off,hidden,ahead,B1,500.9804104477612,0.8170731707317073,0.11204268292682927
B1-hidden-off-behind,1,DeepSeek,off,hidden,behind,B1,81.79717373233582,0.8279421885753613,0.12112869924294563
B1-hidden-off-behind,2,DeepSeek,off,hidden,behind,B1,262.8318890814558,0.8290229885057471,0.1307471264367816
B1-hidden-off-behind,3,DeepSeek,off,hidden,behind,B1,462.63643790849676,0.8967032967032967,0.14285714285714285
B1-hidden-off-behind,4,DeepSeek,off,hidden,behind,B1,665.7618270799347,0.8864786695589298,0.16558206796818511
B1-permitted-high-behind,1,DeepSeek,high,permitted,behind,B1,142.61065088757397,0.5835635359116023,0.19751381215469613
B1-permitted-high-behind,2,DeepSeek,high,permitted,behind,B1,450.37178051511756,0.6116438356164383,0.2452054794520548
B1-permitted-high-behind,3,DeepSeek,high,permitted,behind,B1,835.7650676506765,0.5689293212036389,0.22603219034289712
B1-permitted-high-behind,4,DeepSeek,high,permitted,behind,B1,1108.2939729397294,0.5638002773925104,0.17406380027739252
B1-permitted-off-ahead,1,DeepSeek,off,permitted,ahead,B1,106.80275974025975,0.9397406559877955,0.14874141876430205
B1-permitted-off-ahead,2,DeepSeek,off,permitted,ahead,B1,257.92233009708735,0.8886274509803922,0.09254901960784313
B1-permitted-off-ahead,3,DeepSeek,off,permitted,ahead,B1,399.55,0.9516380655226209,0.12480499219968799
B1-permitted-off-ahead,4,DeepSeek,off,permitted,ahead,B1,590.72696534235,0.9191919191919192,0.16083916083916083
B1-permitted-off-behind,1,DeepSeek,off,permitted,behind,B1,109.28785488958991,0.9455630126771066,0.15361670395227442
B1-permitted-off-behind,2,DeepSeek,off,permitted,behind,B1,297.55928237129484,0.9741641337386018,0.13297872340425532
B1-permitted-off-behind,3,DeepSeek,off,permitted,behind,B1,488.5213675213675,0.9691265060240963,0.16792168674698796
B1-permitted-off-behind,4,DeepSeek,off,permitted,behind,B1,690.9757477768795,0.9421172886519421,0.13632901751713633
B2-forbidden-high-behind,1,DeepSeek,high,forbidden,behind,B2,,0.0,0.0
B2-forbidden-high-behind,2,DeepSeek,high,forbidden,behind,B2,0.0,0.000749063670411985,0.0
B2-forbidden-high-behind,3,DeepSeek,high,forbidden,behind,B2,0.0,0.0014619883040935672,0.0007309941520467836
B2-forbidden-high-behind,4,DeepSeek,high,forbidden,behind,B2,,0.0,0.0
B2-forbidden-off-ahead,1,DeepSeek,off,forbidden,ahead,B2,13.027777777777779,0.04871447902571042,0.018944519621109608
B2-forbidden-off-ahead,2,DeepSeek,off,forbidden,ahead,B2,44.76923076923077,0.05213903743315508,0.027406417112299464
B2-forbidden-off-ahead,3,DeepSeek,off,forbidden,ahead,B2,77.55555555555556,0.04294478527607362,0.016359918200409
B2-forbidden-off-ahead,4,DeepSeek,off,forbidden,ahead,B2,107.11764705882354,0.05948215535339398,0.018894331700489854
B2-forbidden-off-behind,1,DeepSeek,off,forbidden,behind,B2,27.07482993197279,0.10330288123682362,0.04005621925509487
B2-forbidden-off-behind,2,DeepSeek,off,forbidden,behind,B2,72.01941747572816,0.07420749279538905,0.028097982708933718
B2-forbidden-off-behind,3,DeepSeek,off,forbidden,behind,B2,112.44318181818181,0.06290207290922087,0.023588277340957826
B2-forbidden-off-behind,4,DeepSeek,off,forbidden,behind,B2,154.54545454545453,0.07076483202287348,0.034310221586847746
B2-hidden-high-behind,1,DeepSeek,high,hidden,behind,B2,69.7303664921466,0.2891748675246026,0.1165783497350492
B2-hidden-high-behind,2,DeepSeek,high,hidden,behind,B2,280.6119047619048,0.3146067415730337,0.1760299625468165
B2-hidden-high-behind,3,DeepSeek,high,hidden,behind,B2,499.46900269541777,0.2772795216741405,0.14200298953662183
B2-hidden-high-behind,4,DeepSeek,high,hidden,behind,B2,722.3514285714285,0.27258566978193144,0.15654205607476634
B2-hidden-off-ahead,1,DeepSeek,off,hidden,ahead,B2,97.27027027027027,0.7959940652818991,0.13056379821958458
B2-hidden-off-ahead,2,DeepSeek,off,hidden,ahead,B2,245.5254074784276,0.7714497041420119,0.09985207100591716
B2-hidden-off-ahead,3,DeepSeek,off,hidden,ahead,B2,370.8190376569038,0.7123695976154992,0.08941877794336811
B2-hidden-off-ahead,4,DeepSeek,off,hidden,ahead,B2,543.0242677824268,0.8897989575577067,0.1518987341772152
B2-hidden-off-behind,1,DeepSeek,off,hidden,behind,B2,76.03892733564014,0.7955953200275292,0.10598761183757742
B2-hidden-off-behind,2,DeepSeek,off,hidden,behind,B2,248.56291946308724,0.8618944323933478,0.12364425162689804
B2-hidden-off-behind,3,DeepSeek,off,hidden,behind,B2,400.0697074010327,0.8165846802529867,0.10189739985945186
B2-hidden-off-behind,4,DeepSeek,off,hidden,behind,B2,558.9706375838927,0.8532569792412312,0.12383679312813171
B2-permitted-high-behind,1,DeepSeek,high,permitted,behind,B2,83.41536748329621,0.6284114765570329,0.13925822253324002
B2-permitted-high-behind,2,DeepSeek,high,permitted,behind,B2,314.07142857142856,0.5828996282527881,0.19330855018587362
B2-permitted-high-behind,3,DeepSeek,high,permitted,behind,B2,634.7390776699029,0.6032210834553441,0.2430453879941435
B2-permitted-high-behind,4,DeepSeek,high,permitted,behind,B2,918.7069182389937,0.5888888888888889,0.19703703703703704
B2-permitted-off-ahead,1,DeepSeek,off,permitted,ahead,B2,93.37570394207562,0.9106227106227106,0.11648351648351649
B2-permitted-off-ahead,2,DeepSeek,off,permitted,ahead,B2,211.21574803149608,0.9013484740951029,0.08445706174591909
B2-permitted-off-ahead,3,DeepSeek,off,permitted,ahead,B2,381.0466403162055,0.9532780708364732,0.17181612660135645
B2-permitted-off-ahead,4,DeepSeek,off,permitted,ahead,B2,591.8353221957041,0.9297337278106509,0.1257396449704142
B2-permitted-off-behind,1,DeepSeek,off,permitted,behind,B2,100.98770176787087,0.9651335311572701,0.14169139465875372
B2-permitted-off-behind,2,DeepSeek,off,permitted,behind,B2,235.79384088964926,0.9299920445505171,0.06921241050119331
B2-permitted-off-behind,3,DeepSeek,off,permitted,behind,B2,327.1801801801802,0.9414032382420972,0.08249807247494217
B2-permitted-off-behind,4,DeepSeek,off,permitted,behind,B2,457.06141078838175,0.9571088165210484,0.1254964257347101
B3-forbidden-off-ahead,1,DeepSeek,off,forbidden,ahead,B3,10.597826086956522,0.06779661016949153,0.01694915254237288
B3-forbidden-off-ahead,2,DeepSeek,off,forbidden,ahead,B3,41.758620689655174,0.0849194729136164,0.0314787701317716
B3-forbidden-off-ahead,3,DeepSeek,off,forbidden,ahead,B3,78.51851851851852,0.060810810810810814,0.02252252252252252
B3-forbidden-off-ahead,4,DeepSeek,off,forbidden,ahead,B3,103.29629629629629,0.04002965159377316,0.011860637509266123
B3-forbidden-off-behind,1,DeepSeek,off,forbidden,behind,B3,19.39160839160839,0.09741144414168937,0.025885558583106268
B3-forbidden-off-behind,2,DeepSeek,off,forbidden,behind,B3,70.41717791411043,0.11430575035063113,0.0455820476858345
B3-forbidden-off-behind,3,DeepSeek,off,forbidden,behind,B3,131.33132530120483,0.11616515045486354,0.04548635409377187
B3-forbidden-off-behind,4,DeepSeek,off,forbidden,behind,B3,195.52903225806452,0.10861948142957253,0.04484933426769446
B3-hidden-high-behind,1,DeepSeek,high,hidden,behind,B3,19.97289972899729,0.2703296703296703,0.03736263736263736
B3-hidden-high-behind,2,DeepSeek,high,hidden,behind,B3,107.72519083969466,0.2937219730941704,0.09790732436472346
B3-hidden-high-behind,3,DeepSeek,high,hidden,behind,B3,285.86547085201795,0.3318452380952381,0.14360119047619047
B3-hidden-high-behind,4,DeepSeek,high,hidden,behind,B3,472.4782608695652,0.2748319641523525,0.0970873786407767
B3-hidden-off-ahead,1,DeepSeek,off,hidden,ahead,B3,170.81467889908257,0.8098068350668648,0.2563150074294205
B3-hidden-off-ahead,2,DeepSeek,off,hidden,ahead,B3,498.20109190172883,0.8063096111518708,0.20322817314746883
B3-hidden-off-ahead,3,DeepSeek,off,hidden,ahead,B3,762.9660411081322,0.8419864559819413,0.22422874341610233
B3-hidden-off-ahead,4,DeepSeek,off,hidden,ahead,B3,1087.7003745318352,0.8072562358276644,0.2585034013605442
B3-hidden-off-behind,1,DeepSeek,off,hidden,behind,B3,147.7944284341979,0.8935622317596567,0.26609442060085836
B3-hidden-off-behind,2,DeepSeek,off,hidden,behind,B3,462.41346153846155,0.913081650570676,0.257243195785777
B3-hidden-off-behind,3,DeepSeek,off,hidden,behind,B3,751.4455813953489,0.9454705364995603,0.2700087950747581
B3-hidden-off-behind,4,DeepSeek,off,hidden,behind,B3,1061.2028846153846,0.9090909090909091,0.2736013986013986
B3-permitted-high-behind,1,DeepSeek,high,permitted,behind,B3,150.94425483503983,0.6328293736501079,0.2706983441324694
B3-permitted-high-behind,2,DeepSeek,high,permitted,behind,B3,626.8022774327122,0.6798029556650246,0.34201266713581985
B3-permitted-high-behind,3,DeepSeek,high,permitted,behind,B3,773.818085106383,0.6728704366499642,0.23908375089477452
B3-permitted-high-behind,4,DeepSeek,high,permitted,behind,B3,258.7209554831705,0.695619335347432,0.3429003021148036
B3-permitted-off-ahead,1,DeepSeek,off,permitted,ahead,B3,171.51649305555554,0.9640167364016736,0.2794979079497908
B3-permitted-off-ahead,2,DeepSeek,off,permitted,ahead,B3,498.74109470026065,0.9607679465776294,0.25626043405676124
B3-permitted-off-ahead,3,DeepSeek,off,permitted,ahead,B3,839.5438748913988,0.9729501267962807,0.3237531699070161
B3-permitted-off-ahead,4,DeepSeek,off,permitted,ahead,B3,1194.4124444444444,0.9525825571549534,0.28111769686706184
B3-permitted-off-behind,1,DeepSeek,off,permitted,behind,B3,163.64992025518342,0.9705882352941176,0.24226006191950464
B3-permitted-off-behind,2,DeepSeek,off,permitted,behind,B3,468.43291139240506,0.9777227722772277,0.2367986798679868
B3-permitted-off-behind,3,DeepSeek,off,permitted,behind,B3,797.5656728444802,0.9935948759007206,0.31385108086469177
B3-permitted-off-behind,4,DeepSeek,off,permitted,behind,B3,1196.9161237785017,0.9871382636655949,0.31511254019292606
B4-forbidden-high-behind,1,DeepSeek,high,forbidden,behind,B4,0.0,0.0007547169811320754,0.0
B4-forbidden-high-behind,2,DeepSeek,high,forbidden,behind,B4,,0.0,0.000757002271006813
B4-forbidden-high-behind,3,DeepSeek,high,forbidden,behind,B4,,0.0,0.0
B4-forbidden-high-behind,4,DeepSeek,high,forbidden,behind,B4,,0.0,0.000782472613458529
B4-forbidden-off-ahead,1,DeepSeek,off,forbidden,ahead,B4,9.073170731707316,0.058613295210864905,0.015725518227305217
B4-forbidden-off-ahead,2,DeepSeek,off,forbidden,ahead,B4,34.45945945945946,0.05429200293470286,0.02127659574468085
B4-forbidden-off-ahead,3,DeepSeek,off,forbidden,ahead,B4,64.9125,0.057971014492753624,0.020289855072463767
B4-forbidden-off-ahead,4,DeepSeek,off,forbidden,ahead,B4,95.27102803738318,0.07753623188405798,0.02608695652173913
B4-forbidden-off-behind,1,DeepSeek,off,forbidden,behind,B4,16.75229357798165,0.07985347985347985,0.02490842490842491
B4-forbidden-off-behind,2,DeepSeek,off,forbidden,behind,B4,50.21212121212121,0.09836065573770492,0.029806259314456036
B4-forbidden-off-behind,3,DeepSeek,off,forbidden,behind,B4,94.80152671755725,0.09625275532696546,0.034533431300514325
B4-forbidden-off-behind,4,DeepSeek,off,forbidden,behind,B4,144.64963503649636,0.10178306092124814,0.03863298662704309
B4-hidden-high-behind,1,DeepSeek,high,hidden,behind,B4,55.18225419664269,0.303935860058309,0.10131195335276968
B4-hidden-high-behind,2,DeepSeek,high,hidden,behind,B4,246.16052060737528,0.33674214755295834,0.1468224981738495
B4-hidden-high-behind,3,DeepSeek,high,hidden,behind,B4,430.7023498694517,0.2820324005891016,0.10014727540500737
B4-hidden-high-behind,4,DeepSeek,high,hidden,behind,B4,221.45283018867926,0.27259368111682586,0.05878030859662013
B4-hidden-off-ahead,1,DeepSeek,off,hidden,ahead,B4,167.81793229643185,0.8730031948881789,0.2747603833865815
B4-hidden-off-ahead,2,DeepSeek,off,hidden,ahead,B4,486.546875,0.7843137254901961,0.2295751633986928
B4-hidden-off-ahead,3,DeepSeek,off,hidden,ahead,B4,749.1690871369294,0.8053467000835421,0.20885547201336674
B4-hidden-off-ahead,4,DeepSeek,off,hidden,ahead,B4,1004.4454277286136,0.8329238329238329,0.22522522522522523
B4-hidden-off-behind,1,DeepSeek,off,hidden,behind,B4,154.741,0.8169934640522876,0.26143790849673204
B4-hidden-off-behind,2,DeepSeek,off,hidden,behind,B4,473.8725581395349,0.8683360258481422,0.25121163166397414
B4-hidden-off-behind,3,DeepSeek,off,hidden,behind,B4,802.4544592030361,0.8805346700083542,0.2756892230576441
B4-hidden-off-behind,4,DeepSeek,off,hidden,behind,B4,1113.7769376181475,0.8707818930041152,0.24773662551440329
B4-permitted-high-behind,1,DeepSeek,high,permitted,behind,B4,199.20239390642,0.6573676680972819,0.3104434907010014
B4-permitted-high-behind,2,DeepSeek,high,permitted,behind,B4,701.9717277486911,0.6744350282485876,0.3488700564971751
B4-permitted-high-behind,3,DeepSeek,high,permitted,behind,B4,733.3644752018455,0.6201716738197425,0.17954220314735336
B4-permitted-high-behind,4,DeepSeek,high,permitted,behind,B4,249.03619909502262,0.6424418604651163,0.3234011627906977
B4-permitted-off-ahead,1,DeepSeek,off,permitted,ahead,B4,141.97385103011092,0.9184861717612809,0.19286754002911208
B4-permitted-off-ahead,2,DeepSeek,off,permitted,ahead,B4,448.2235481304694,0.947249434815373,0.2825923134890731
B4-permitted-off-ahead,3,DeepSeek,off,permitted,ahead,B4,833.8381679389313,0.9604105571847508,0.2749266862170088
B4-permitted-off-ahead,4,DeepSeek,off,permitted,ahead,B4,1166.317704122878,0.9307750188111362,0.21595184349134688
B4-permitted-off-behind,1,DeepSeek,off,permitted,behind,B4,194.39211136890953,0.9862700228832952,0.2829900839054157
B4-permitted-off-behind,2,DeepSeek,off,permitted,behind,B4,563.6263286999182,0.9614779874213837,0.3026729559748428
B4-permitted-off-behind,3,DeepSeek,off,permitted,behind,B4,912.8119227539883,0.9444885011895321,0.20618556701030927
B4-permitted-off-behind,4,DeepSeek,off,permitted,behind,B4,1176.5980629539952,0.971764705882353,0.2572549019607843
B5-forbidden-high-behind,1,DeepSeek,high,forbidden,behind,B5,0.0,0.0014814814814814814,0.0007407407407407407
B5-forbidden-high-behind,2,DeepSeek,high,forbidden,behind,B5,2.2,0.0037285607755406414,0.0022371364653243847
B5-forbidden-high-behind,3,DeepSeek,high,forbidden,behind,B5,5.0,0.0007423904974016332,0.0007423904974016332
B5-forbidden-high-behind,4,DeepSeek,high,forbidden,behind,B5,5.0,0.0022338049143708115,0.0014892032762472078
B5-forbidden-off-ahead,1,DeepSeek,off,forbidden,ahead,B5,74.60382513661202,0.2815384615384615,0.12307692307692308
B5-forbidden-off-ahead,2,DeepSeek,off,forbidden,ahead,B5,233.89736070381232,0.2697784810126582,0.12895569620253164
B5-forbidden-off-ahead,3,DeepSeek,off,forbidden,ahead,B5,427.0630372492837,0.2730829420970266,0.14632237871674492
B5-forbidden-off-ahead,4,DeepSeek,off,forbidden,ahead,B5,600.4969696969697,0.25923016496465046,0.1563236449332286
B5-forbidden-off-behind,1,DeepSeek,off,forbidden,behind,B5,72.22222222222223,0.32262882748319643,0.1157580283793876
B5-forbidden-off-behind,2,DeepSeek,off,forbidden,behind,B5,226.05236907730674,0.29528718703976436,0.10898379970544919
B5-forbidden-off-behind,3,DeepSeek,off,forbidden,behind,B5,393.98214285714283,0.2513089005235602,0.1443530291697831
B5-forbidden-off-behind,4,DeepSeek,off,forbidden,behind,B5,577.772378516624,0.2968868640850418,0.1427486712224753
B5-hidden-high-behind,1,DeepSeek,high,hidden,behind,B5,42.01960784313726,0.2625,0.08308823529411764
B5-hidden-high-behind,2,DeepSeek,high,hidden,behind,B5,253.38481012658227,0.29610194902548725,0.1686656671664168
B5-hidden-high-behind,3,DeepSeek,high,hidden,behind,B5,245.84070796460176,0.25036927621861155,0.08567208271787297
B5-hidden-high-behind,4,DeepSeek,high,hidden,behind,B5,107.58609271523179,0.2301829268292683,0.11966463414634146
B5-hidden-off-ahead,1,DeepSeek,off,hidden,ahead,B5,123.47945205479452,0.9922330097087378,0.23689320388349513
B5-hidden-off-ahead,2,DeepSeek,off,hidden,ahead,B5,348.5080213903743,0.9925690021231423,0.23779193205944799
B5-hidden-off-ahead,3,DeepSeek,off,hidden,ahead,B5,577.7451971688574,0.9959718026183283,0.22658610271903323
B5-hidden-off-ahead,4,DeepSeek,off,hidden,ahead,B5,839.9385416666667,0.9937888198757764,0.3022774327122153
B5-hidden-off-behind,1,DeepSeek,off,hidden,behind,B5,93.29455709711846,0.9873551106427819,0.1886195995785037
B5-hidden-off-behind,2,DeepSeek,off,hidden,behind,B5,285.0863787375415,0.9944933920704846,0.2433920704845815
B5-hidden-off-behind,3,DeepSeek,off,hidden,behind,B5,511.7513631406761,0.9989106753812637,0.23093681917211328
B5-hidden-off-behind,4,DeepSeek,off,hidden,behind,B5,701.5640176600441,0.9977973568281938,0.197136563876652
B5-permitted-high-behind,1,DeepSeek,high,permitted,behind,B5,191.31422924901185,0.7096774193548387,0.2903225806451613
B5-permitted-high-behind,2,DeepSeek,high,permitted,behind,B5,670.7775571002979,0.7032122905027933,0.34916201117318435
B5-permitted-high-behind,3,DeepSeek,high,permitted,behind,B5,813.0612244897959,0.651048951048951,0.23076923076923078
B5-permitted-high-behind,4,DeepSeek,high,permitted,behind,B5,255.7742946708464,0.6835714285714286,0.2864285714285714
B5-permitted-off-ahead,1,DeepSeek,off,permitted,ahead,B5,131.41227229146693,0.994280266920877,0.2259294566253575
B5-permitted-off-ahead,2,DeepSeek,off,permitted,ahead,B5,364.35607476635516,0.9990662931839402,0.24183006535947713
B5-permitted-off-ahead,3,DeepSeek,off,permitted,ahead,B5,640.467583497053,0.9970617042115573,0.2683643486777669
B5-permitted-off-ahead,4,DeepSeek,off,permitted,ahead,B5,915.6490891658677,0.9980861244019139,0.28995215311004785
B5-permitted-off-behind,1,DeepSeek,off,permitted,behind,B5,86.1169853768279,0.9966367713004485,0.2006726457399103
B5-permitted-off-behind,2,DeepSeek,off,permitted,behind,B5,294.4232987312572,0.996551724137931,0.24482758620689654
B5-permitted-off-behind,3,DeepSeek,off,permitted,behind,B5,514.707622298066,0.9977298524404086,0.2656072644721907
B5-permitted-off-behind,4,DeepSeek,off,permitted,behind,B5,762.2867132867133,1.0,0.31002331002331
B6-forbidden-high-behind,1,DeepSeek,high,forbidden,behind,B6,0.8333333333333334,0.004204625087596356,0.001401541695865452
B6-forbidden-high-behind,2,DeepSeek,high,forbidden,behind,B6,4.333333333333333,0.0042643923240938165,0.0028429282160625444
B6-forbidden-high-behind,3,DeepSeek,high,forbidden,behind,B6,6.0,0.003599712023038157,0.0
B6-forbidden-high-behind,4,DeepSeek,high,forbidden,behind,B6,3.0,0.0007112375533428165,0.002844950213371266
B6-forbidden-off-ahead,1,DeepSeek,off,forbidden,ahead,B6,83.57142857142857,0.2538860103626943,0.12509252405625462
B6-forbidden-off-ahead,2,DeepSeek,off,forbidden,ahead,B6,269.1424418604651,0.2598187311178248,0.14425981873111782
B6-forbidden-off-ahead,3,DeepSeek,off,forbidden,ahead,B6,471.8979591836735,0.2949586155003762,0.1670428893905192
B6-forbidden-off-ahead,4,DeepSeek,off,forbidden,ahead,B6,681.6862170087976,0.261703760552571,0.15963161933998465
B6-forbidden-off-behind,1,DeepSeek,off,forbidden,behind,B6,70.4435261707989,0.2661290322580645,0.1158357771260997
B6-forbidden-off-behind,2,DeepSeek,off,forbidden,behind,B6,251.9164677804296,0.3007896625987078,0.1407035175879397
B6-forbidden-off-behind,3,DeepSeek,off,forbidden,behind,B6,419.61079545454544,0.2609340252038547,0.11045218680504076
B6-forbidden-off-behind,4,DeepSeek,off,forbidden,behind,B6,588.7612359550562,0.26448736998514116,0.1263001485884101
B6-hidden-high-behind,1,DeepSeek,high,hidden,behind,B6,66.92424242424242,0.24300441826215022,0.1170839469808542
B6-hidden-high-behind,2,DeepSeek,high,hidden,behind,B6,235.85752688172042,0.2852760736196319,0.13266871165644173
B6-hidden-high-behind,3,DeepSeek,high,hidden,behind,B6,98.70118343195266,0.25055596738324687,0.1156412157153447
B6-hidden-high-behind,4,DeepSeek,high,hidden,behind,B6,243.07467532467533,0.23674096848578016,0.11529592621060722
B6-hidden-off-ahead,1,DeepSeek,off,hidden,ahead,B6,132.6631111111111,0.9973404255319149,0.21631205673758866
B6-hidden-off-ahead,2,DeepSeek,off,hidden,ahead,B6,343.8939655172414,0.9948542024013722,0.16981132075471697
B6-hidden-off-ahead,3,DeepSeek,off,hidden,ahead,B6,544.9691011235955,0.9981308411214953,0.21962616822429906
B6-hidden-off-ahead,4,DeepSeek,off,hidden,ahead,B6,786.8796046720576,0.9982062780269059,0.20896860986547086
B6-hidden-off-behind,1,DeepSeek,off,hidden,behind,B6,94.65038002171552,0.9978331527627302,0.19393282773564463
B6-hidden-off-behind,2,DeepSeek,off,hidden,behind,B6,252.42997811816193,0.9989071038251366,0.15081967213114755
B6-hidden-off-behind,3,DeepSeek,off,hidden,behind,B6,395.52858683926644,0.9946351931330472,0.17274678111587982
B6-hidden-off-behind,4,DeepSeek,off,hidden,behind,B6,553.6522702104097,0.9988938053097345,0.1736725663716814
B6-permitted-high-behind,1,DeepSeek,high,permitted,behind,B6,213.31483457844183,0.6712034383954155,0.3108882521489971
B6-permitted-high-behind,2,DeepSeek,high,permitted,behind,B6,618.4112244897959,0.6965174129353234,0.30632551528073915
B6-permitted-high-behind,3,DeepSeek,high,permitted,behind,B6,319.7385272145144,0.6982116244411326,0.2786885245901639
B6-permitted-high-behind,4,DeepSeek,high,permitted,behind,B6,553.6335540838852,0.6622807017543859,0.3347953216374269
B6-permitted-off-ahead,1,DeepSeek,off,permitted,ahead,B6,115.7353579175705,0.9978354978354979,0.2727272727272727
B6-permitted-off-ahead,2,DeepSeek,off,permitted,ahead,B6,383.6244680851064,0.9978768577494692,0.267515923566879
B6-permitted-off-ahead,3,DeepSeek,off,permitted,ahead,B6,605.6470588235294,0.9966814159292036,0.23561946902654868
B6-permitted-off-ahead,4,DeepSeek,off,permitted,ahead,B6,817.7176981541802,1.0,0.2290988056460369
B6-permitted-off-behind,1,DeepSeek,off,permitted,behind,B6,104.46887417218544,0.9973579920739762,0.2562747688243065
B6-permitted-off-behind,2,DeepSeek,off,permitted,behind,B6,286.0769230769231,0.9973544973544973,0.24074074074074073
B6-permitted-off-behind,3,DeepSeek,off,permitted,behind,B6,485.5691699604743,1.0,0.2859025032938076
B6-permitted-off-behind,4,DeepSeek,off,permitted,behind,B6,718.3550531914893,0.9973474801061007,0.3129973474801061
M1-forbidden-off-ahead,1,MiMo,off,forbidden,ahead,B1,23.365296803652967,0.16067498165810712,0.036683785766691124
M1-forbidden-off-ahead,2,MiMo,off,forbidden,ahead,B1,74.20114942528735,0.13004484304932734,0.03886397608370702
M1-forbidden-off-ahead,3,MiMo,off,forbidden,ahead,B1,125.53731343283582,0.14607558139534885,0.029796511627906978
M1-forbidden-off-ahead,4,MiMo,off,forbidden,ahead,B1,160.8232044198895,0.13691376701966718,0.024962178517397883
M1-forbidden-off-behind,1,MiMo,off,forbidden,behind,B1,23.485981308411215,0.14965034965034965,0.03706293706293706
M1-forbidden-off-behind,2,MiMo,off,forbidden,behind,B1,78.5228426395939,0.14101646385110952,0.030780243378668574
M1-forbidden-off-behind,3,MiMo,off,forbidden,behind,B1,122.11881188118812,0.14480286738351256,0.034408602150537634
M1-forbidden-off-behind,4,MiMo,off,forbidden,behind,B1,168.0184331797235,0.15477888730385164,0.029243937232524966
M1-permitted-off-behind,1,MiMo,off,permitted,behind,B1,118.27346465816917,0.6758026624902115,0.22004698512137824
M1-permitted-off-behind,2,MiMo,off,permitted,behind,B1,413.91764705882355,0.6746031746031746,0.19603174603174603
M1-permitted-off-behind,3,MiMo,off,permitted,behind,B1,609.9306071871127,0.6202920830130668,0.1037663335895465
M1-permitted-off-behind,4,MiMo,off,permitted,behind,B1,728.3639798488665,0.646053702196908,0.09031733116354759
M2-forbidden-off-ahead,1,MiMo,off,forbidden,ahead,B2,24.137755102040817,0.14703675918979744,0.03075768942235559
M2-forbidden-off-ahead,2,MiMo,off,forbidden,ahead,B2,63.142105263157895,0.14537107880642694,0.03136954858454476
M2-forbidden-off-ahead,3,MiMo,off,forbidden,ahead,B2,105.89784946236558,0.1393258426966292,0.02846441947565543
M2-forbidden-off-ahead,4,MiMo,off,forbidden,ahead,B2,141.1767955801105,0.13923076923076924,0.023846153846153847
M2-forbidden-off-behind,1,MiMo,off,forbidden,behind,B2,29.507462686567163,0.1423512747875354,0.04178470254957507
M2-forbidden-off-behind,2,MiMo,off,forbidden,behind,B2,90.83809523809524,0.14840989399293286,0.0431095406360424
M2-forbidden-off-behind,3,MiMo,off,forbidden,behind,B2,150.07,0.14398848092152627,0.03599712023038157
M2-forbidden-off-behind,4,MiMo,off,forbidden,behind,B2,202.0557768924303,0.18162083936324167,0.04413892908827786
M3-forbidden-off-ahead,1,MiMo,off,forbidden,ahead,B3,30.38586956521739,0.12508497620666215,0.03467029231815092
M3-forbidden-off-ahead,2,MiMo,off,forbidden,ahead,B3,85.25615763546799,0.1392318244170096,0.03429355281207133
M3-forbidden-off-ahead,3,MiMo,off,forbidden,ahead,B3,130.19565217391303,0.12602739726027398,0.030136986301369864
M3-forbidden-off-ahead,4,MiMo,off,forbidden,ahead,B3,177.46733668341707,0.13602187286397813,0.034859876965140126
M3-forbidden-off-behind,1,MiMo,off,forbidden,behind,B3,26.57075471698113,0.15508412582297001,0.03291880029261156
M3-forbidden-off-behind,2,MiMo,off,forbidden,behind,B3,86.15384615384616,0.1704297159504734,0.04661325564457393
M3-forbidden-off-behind,3,MiMo,off,forbidden,behind,B3,159.13004484304932,0.16171138506163887,0.06163886874546773
M3-forbidden-off-behind,4,MiMo,off,forbidden,behind,B3,228.51054852320675,0.17633928571428573,0.03571428571428571
M4-forbidden-off-ahead,1,MiMo,off,forbidden,ahead,B4,32.17088607594937,0.11309949892627058,0.03937007874015748
M4-forbidden-off-ahead,2,MiMo,off,forbidden,ahead,B4,82.12234042553192,0.13593637020968907,0.03398409255242227
M4-forbidden-off-ahead,3,MiMo,off,forbidden,ahead,B4,125.53374233128834,0.11527581329561527,0.028288543140028287
M4-forbidden-off-ahead,4,MiMo,off,forbidden,ahead,B4,167.81935483870967,0.11742424242424243,0.02803030303030303
M4-forbidden-off-behind,1,MiMo,off,forbidden,behind,B4,36.80275229357798,0.1591240875912409,0.04817518248175182
M4-forbidden-off-behind,2,MiMo,off,forbidden,behind,B4,93.84536082474227,0.14222873900293256,0.04325513196480939
M4-forbidden-off-behind,3,MiMo,off,forbidden,behind,B4,155.82741116751268,0.14285714285714285,0.03843364757070341
M4-forbidden-off-behind,4,MiMo,off,forbidden,behind,B4,209.52608695652174,0.17228464419475656,0.039700374531835204
M5-forbidden-off-ahead,1,MiMo,off,forbidden,ahead,B5,66.72941176470589,0.11904761904761904,0.08823529411764706
M5-forbidden-off-ahead,2,MiMo,off,forbidden,ahead,B5,200.28488372093022,0.12445730824891461,0.10130246020260492
M5-forbidden-off-ahead,3,MiMo,off,forbidden,ahead,B5,327.98333333333335,0.12756909992912827,0.0744153082919915
M5-forbidden-off-ahead,4,MiMo,off,forbidden,ahead,B5,442.9625,0.11544011544011544,0.09668109668109669
M5-forbidden-off-behind,1,MiMo,off,forbidden,behind,B5,72.58563535911603,0.13173216885007277,0.10407569141193596
M5-forbidden-off-behind,2,MiMo,off,forbidden,behind,B5,224.39086294416245,0.14474650991917706,0.106539309331374
M5-forbidden-off-behind,3,MiMo,off,forbidden,behind,B5,379.17277486910996,0.1437170805116629,0.11888638073739653
M5-forbidden-off-behind,4,MiMo,off,forbidden,behind,B5,549.6878306878307,0.141044776119403,0.12462686567164179
M6-forbidden-off-ahead,1,MiMo,off,forbidden,ahead,B6,48.66225165562914,0.11336336336336336,0.07207207207207207
M6-forbidden-off-ahead,2,MiMo,off,forbidden,ahead,B6,167.17073170731706,0.12275449101796407,0.09356287425149701
M6-forbidden-off-ahead,3,MiMo,off,forbidden,ahead,B6,285.8816568047337,0.12668665667166418,0.08770614692653673
M6-forbidden-off-ahead,4,MiMo,off,forbidden,ahead,B6,413.54545454545456,0.12692307692307692,0.10538461538461538
M6-forbidden-off-behind,1,MiMo,off,forbidden,behind,B6,73.31012658227849,0.11391492429704397,0.0966113914924297
M6-forbidden-off-behind,2,MiMo,off,forbidden,behind,B6,218.5745856353591,0.1281869688385269,0.11331444759206799
M6-forbidden-off-behind,3,MiMo,off,forbidden,behind,B6,373.03409090909093,0.12998522895125553,0.10782865583456426
M6-forbidden-off-behind,4,MiMo,off,forbidden,behind,B6,516.463768115942,0.15021770682148042,0.09506531204644413
