dataset,sandbox,path,disposition,prov_sha,prov_bytes,prov_lines,inv_sha,inv_bytes,inv_lines,disk_sha,disk_bytes,prov_vs_inv,prov_vs_disk,inv_vs_disk
prereg,B1-absent-high-ahead,runs/v3/B1-absent-high-ahead/moves.jsonl,included,632d1aee5cb04f133c480d1a410d445429dc68d9785eb91ef8d2e7fd39ca0ff1,61981904,8490,632d1aee5cb04f133c480d1a410d445429dc68d9785eb91ef8d2e7fd39ca0ff1,61981904,8490,632d1aee5cb04f133c480d1a410d445429dc68d9785eb91ef8d2e7fd39ca0ff1,61981904,OK,OK,OK
prereg,B1-absent-off-ahead,runs/v3/B1-absent-off-ahead/moves.jsonl,included,211b903208b5cf1da0e19e28a2ee926ebc6272bc71cdd23b9b4774e786ca843b,18697263,13317,211b903208b5cf1da0e19e28a2ee926ebc6272bc71cdd23b9b4774e786ca843b,18697263,13317,211b903208b5cf1da0e19e28a2ee926ebc6272bc71cdd23b9b4774e786ca843b,18697263,OK,OK,OK
prereg,B1-forbidden-high-behind,runs/v3/B1-forbidden-high-behind/moves.jsonl,included,dbce7fa1b1288a531c6f223ba0192a9e745f99a777a513a86f7b2cd19e63976b,54226573,12697,dbce7fa1b1288a531c6f223ba0192a9e745f99a777a513a86f7b2cd19e63976b,54226573,12697,dbce7fa1b1288a531c6f223ba0192a9e745f99a777a513a86f7b2cd19e63976b,54226573,OK,OK,OK
prereg,B1-forbidden-off-ahead,runs/v3/B1-forbidden-off-ahead/moves.jsonl,included,edfc171b6bb7f614517b7b51cc5fd94013da95520a0551449ad9d3c98806c0af,22755580,12987,edfc171b6bb7f614517b7b51cc5fd94013da95520a0551449ad9d3c98806c0af,22755580,12987,edfc171b6bb7f614517b7b51cc5fd94013da95520a0551449ad9d3c98806c0af,22755580,OK,OK,OK
prereg,B1-forbidden-off-behind,runs/v3/B1-forbidden-off-behind/moves.jsonl,included,3443d8b7757f6003a2e5ec080df5b9649aa792e887efd99e23f770caa3f3c273,25093083,13007,3443d8b7757f6003a2e5ec080df5b9649aa792e887efd99e23f770caa3f3c273,25093083,13007,3443d8b7757f6003a2e5ec080df5b9649aa792e887efd99e23f770caa3f3c273,25093083,OK,OK,OK
prereg,B1-hidden-high-behind,runs/v3/B1-hidden-high-behind/moves.jsonl,included,63eaac79a37e78d8bc8d1d6ddd393bb7c52c3c7af721d84ac327a9941867f6b5,88525451,12994,63eaac79a37e78d8bc8d1d6ddd393bb7c52c3c7af721d84ac327a9941867f6b5,88525451,12994,63eaac79a37e78d8bc8d1d6ddd393bb7c52c3c7af721d84ac327a9941867f6b5,88525451,OK,OK,OK
prereg,B1-hidden-off-ahead,runs/v3/B1-hidden-off-ahead/moves.jsonl,included,de0153cffbacae72e257136e3a56bbe9201980263bba3dfcfd075dec4aa8234f,42668695,12202,de0153cffbacae72e257136e3a56bbe9201980263bba3dfcfd075dec4aa8234f,42668695,12202,de0153cffbacae72e257136e3a56bbe9201980263bba3dfcfd075dec4aa8234f,42668695,OK,OK,OK
prereg,B1-hidden-off-behind,runs/v3/B1-hidden-off-behind/moves.jsonl,included,25dd4748a457aa2b419bb142f61f0665240c3e6f037ce9a79bade4e1e9034adc,51270289,12944,25dd4748a457aa2b419bb142f61f0665240c3e6f037ce9a79bade4e1e9034adc,51270289,12944,25dd4748a457aa2b419bb142f61f0665240c3e6f037ce9a79bade4e1e9034adc,51270289,OK,OK,OK
prereg,B1-permitted-high-behind,runs/v3/B1-permitted-high-behind/moves.jsonl,included,01e0804ddd8f6b071941433211349ef09845a55ab4e4bed0d9db60e480a27272,103589979,13591,01e0804ddd8f6b071941433211349ef09845a55ab4e4bed0d9db60e480a27272,103589979,13591,01e0804ddd8f6b071941433211349ef09845a55ab4e4bed0d9db60e480a27272,103589979,OK,OK,OK
prereg,B1-permitted-off-ahead,runs/v3/B1-permitted-off-ahead/moves.jsonl,included,3848a0b1b5cd46943c7d9889d67eed1956cb8ee51c83979ab12381517dfd3520,47797022,12537,3848a0b1b5cd46943c7d9889d67eed1956cb8ee51c83979ab12381517dfd3520,47797022,12537,3848a0b1b5cd46943c7d9889d67eed1956cb8ee51c83979ab12381517dfd3520,47797022,OK,OK,OK
prereg,B1-permitted-off-behind,runs/v3/B1-permitted-off-behind/moves.jsonl,included,748170259a3b98b25fdaf1f3b90d02ef199611802193818e25e86fb0cdc5f9df,49507829,12382,748170259a3b98b25fdaf1f3b90d02ef199611802193818e25e86fb0cdc5f9df,49507829,12382,748170259a3b98b25fdaf1f3b90d02ef199611802193818e25e86fb0cdc5f9df,49507829,OK,OK,OK
prereg,B2-forbidden-high-behind,runs/v3/B2-forbidden-high-behind/moves.jsonl,included,203d8d2a54e32dc011ff6e40cfdf04dca78e46406eabc9a0cd43724e53d823e8,53753250,12977,203d8d2a54e32dc011ff6e40cfdf04dca78e46406eabc9a0cd43724e53d823e8,53753250,12977,203d8d2a54e32dc011ff6e40cfdf04dca78e46406eabc9a0cd43724e53d823e8,53753250,OK,OK,OK
prereg,B2-forbidden-off-ahead,runs/v3/B2-forbidden-off-ahead/moves.jsonl,included,91ac74979ff32a993431ec6d3f36da6cea7cb9a06d5100e374a5041880705fe5,24144208,13671,91ac74979ff32a993431ec6d3f36da6cea7cb9a06d5100e374a5041880705fe5,24144208,13671,91ac74979ff32a993431ec6d3f36da6cea7cb9a06d5100e374a5041880705fe5,24144208,OK,OK,OK
prereg,B2-forbidden-off-behind,runs/v3/B2-forbidden-off-behind/moves.jsonl,included,e2ff333292a5891638eaab66d70bbc7714fec01c51700fa2c95c87552a004d08,25377677,13225,e2ff333292a5891638eaab66d70bbc7714fec01c51700fa2c95c87552a004d08,25377677,13225,e2ff333292a5891638eaab66d70bbc7714fec01c51700fa2c95c87552a004d08,25377677,OK,OK,OK
prereg,B2-hidden-high-behind,runs/v3/B2-hidden-high-behind/moves.jsonl,included,708f31c225891224014c2afad38c669bf8e66195a26759be8a86fb746c90dc74,86623035,12747,708f31c225891224014c2afad38c669bf8e66195a26759be8a86fb746c90dc74,86623035,12747,708f31c225891224014c2afad38c669bf8e66195a26759be8a86fb746c90dc74,86623035,OK,OK,OK
prereg,B2-hidden-off-ahead,runs/v3/B2-hidden-off-ahead/moves.jsonl,included,9139b8abdb4c2f6901be38854059eafaaa61b0d0c9cef4c348f3dde1435a791f,44331101,12728,9139b8abdb4c2f6901be38854059eafaaa61b0d0c9cef4c348f3dde1435a791f,44331101,12728,9139b8abdb4c2f6901be38854059eafaaa61b0d0c9cef4c348f3dde1435a791f,44331101,OK,OK,OK
prereg,B2-hidden-off-behind,runs/v3/B2-hidden-off-behind/moves.jsonl,included,53cc38879777ad1f847b949773481e68cda9bbadb8e90c04b1d9b0d363044fab,50583335,13076,53cc38879777ad1f847b949773481e68cda9bbadb8e90c04b1d9b0d363044fab,50583335,13076,53cc38879777ad1f847b949773481e68cda9bbadb8e90c04b1d9b0d363044fab,50583335,OK,OK,OK
prereg,B2-permitted-high-behind,runs/v3/B2-permitted-high-behind/moves.jsonl,included,4e7c822fc5a3f5b8f34b42bb602ee4e608fc802e628d565de720bea49690eadb,89266864,12843,4e7c822fc5a3f5b8f34b42bb602ee4e608fc802e628d565de720bea49690eadb,89266864,12843,4e7c822fc5a3f5b8f34b42bb602ee4e608fc802e628d565de720bea49690eadb,89266864,OK,OK,OK
prereg,B2-permitted-off-ahead,runs/v3/B2-permitted-off-ahead/moves.jsonl,included,63e0918e8dc585f38a94b9686d8cfba6f8453db8bd14ce4d8469e33fbca25297,47749290,12883,63e0918e8dc585f38a94b9686d8cfba6f8453db8bd14ce4d8469e33fbca25297,47749290,12883,63e0918e8dc585f38a94b9686d8cfba6f8453db8bd14ce4d8469e33fbca25297,47749290,OK,OK,OK
prereg,B2-permitted-off-behind,runs/v3/B2-permitted-off-behind/moves.jsonl,included,b9fdffd4ac2e6e1f352b61d5b51f0b5aa5072ea273154a2c49b9e2f2c7f815b0,47500407,12955,b9fdffd4ac2e6e1f352b61d5b51f0b5aa5072ea273154a2c49b9e2f2c7f815b0,47500407,12955,b9fdffd4ac2e6e1f352b61d5b51f0b5aa5072ea273154a2c49b9e2f2c7f815b0,47500407,OK,OK,OK
prereg,B3-forbidden-high-behind,runs/v3/B3-forbidden-high-behind/moves.jsonl,included,3661efa978f9616cf21f29d2521ed7069587a8d540c703b01d5dc22d769435f3,59057850,12969,3661efa978f9616cf21f29d2521ed7069587a8d540c703b01d5dc22d769435f3,59057850,12969,3661efa978f9616cf21f29d2521ed7069587a8d540c703b01d5dc22d769435f3,59057850,OK,OK,OK
prereg,B3-forbidden-off-ahead,runs/v3/B3-forbidden-off-ahead/moves.jsonl,included,3a339931a33a20634c958caac363cc54faca7e033c95f19141b85be9378d8cbf,20779026,12699,3a339931a33a20634c958caac363cc54faca7e033c95f19141b85be9378d8cbf,20779026,12699,3a339931a33a20634c958caac363cc54faca7e033c95f19141b85be9378d8cbf,20779026,OK,OK,OK
prereg,B3-forbidden-off-behind,runs/v3/B3-forbidden-off-behind/moves.jsonl,included,b627e8cdb700d27b3f63a24720cfa9019a966593985cbaf79227adb4559f41fc,23498390,12893,b627e8cdb700d27b3f63a24720cfa9019a966593985cbaf79227adb4559f41fc,23498390,12893,b627e8cdb700d27b3f63a24720cfa9019a966593985cbaf79227adb4559f41fc,23498390,OK,OK,OK
prereg,B3-hidden-high-behind,runs/v3/B3-hidden-high-behind/moves.jsonl,included,0199ee652e96fb764c43764a57271cc2b136aa17e5552289738ce73ee081e2da,84074104,12808,0199ee652e96fb764c43764a57271cc2b136aa17e5552289738ce73ee081e2da,84074104,12808,0199ee652e96fb764c43764a57271cc2b136aa17e5552289738ce73ee081e2da,84074104,OK,OK,OK
prereg,B3-hidden-off-ahead,runs/v3/B3-hidden-off-ahead/moves.jsonl,included,b3bf60db3a08b38d142a1a7b447190d3e693ea2d2cb768500821bc8d2c9c99a6,43205164,12717,b3bf60db3a08b38d142a1a7b447190d3e693ea2d2cb768500821bc8d2c9c99a6,43205164,12717,b3bf60db3a08b38d142a1a7b447190d3e693ea2d2cb768500821bc8d2c9c99a6,43205164,OK,OK,OK
prereg,B3-hidden-off-behind,runs/v3/B3-hidden-off-behind/moves.jsonl,included,c8e75a95f37e64b6e8f576bc4c9f5bd292db7c2ad4843d91b6b858c658054964,46797863,12001,c8e75a95f37e64b6e8f576bc4c9f5bd292db7c2ad4843d91b6b858c658054964,46797863,12001,c8e75a95f37e64b6e8f576bc4c9f5bd292db7c2ad4843d91b6b858c658054964,46797863,OK,OK,OK
prereg,B3-permitted-high-behind,runs/v3/B3-permitted-high-behind/moves.jsonl,included,84e3d543cea386d33153b4b59d4dff1b81ff0e98ee61ce09bf6f81069096cc80,94107295,10679,84e3d543cea386d33153b4b59d4dff1b81ff0e98ee61ce09bf6f81069096cc80,94107295,10679,84e3d543cea386d33153b4b59d4dff1b81ff0e98ee61ce09bf6f81069096cc80,94107295,OK,OK,OK
prereg,B3-permitted-off-ahead,runs/v3/B3-permitted-off-ahead/moves.jsonl,included,d43159034e2b7f7816ceba75dbe1e9283368f69c23c8823fc8d828e4c343f522,45050041,12021,d43159034e2b7f7816ceba75dbe1e9283368f69c23c8823fc8d828e4c343f522,45050041,12021,d43159034e2b7f7816ceba75dbe1e9283368f69c23c8823fc8d828e4c343f522,45050041,OK,OK,OK
prereg,B3-permitted-off-behind,runs/v3/B3-permitted-off-behind/moves.jsonl,included,9a249680e0c56c4c3e0feab6bfbcaf0a4ecf7e92c2a63620c0781f9f18aaad77,50362440,12013,9a249680e0c56c4c3e0feab6bfbcaf0a4ecf7e92c2a63620c0781f9f18aaad77,50362440,12013,9a249680e0c56c4c3e0feab6bfbcaf0a4ecf7e92c2a63620c0781f9f18aaad77,50362440,OK,OK,OK
prereg,B4-forbidden-high-behind,runs/v3/B4-forbidden-high-behind/moves.jsonl,included,b7d03d0cc851d84a32f39016ef9746d01c94ba2cce147958763ae66dedf2aef8,55860202,12547,b7d03d0cc851d84a32f39016ef9746d01c94ba2cce147958763ae66dedf2aef8,55860202,12547,b7d03d0cc851d84a32f39016ef9746d01c94ba2cce147958763ae66dedf2aef8,55860202,OK,OK,OK
prereg,B4-forbidden-off-ahead,runs/v3/B4-forbidden-off-ahead/moves.jsonl,included,aae0a71e6324a134d35b3ad001ffe258c9542d315a92efb9367238c64dc88bf6,21016120,12930,aae0a71e6324a134d35b3ad001ffe258c9542d315a92efb9367238c64dc88bf6,21016120,12930,aae0a71e6324a134d35b3ad001ffe258c9542d315a92efb9367238c64dc88bf6,21016120,OK,OK,OK
prereg,B4-forbidden-off-behind,runs/v3/B4-forbidden-off-behind/moves.jsonl,included,77ab54664835ae4d225fa04e70f9c334190a0bb3e97d64248d43118ae35cd5eb,22467523,12919,77ab54664835ae4d225fa04e70f9c334190a0bb3e97d64248d43118ae35cd5eb,22467523,12919,77ab54664835ae4d225fa04e70f9c334190a0bb3e97d64248d43118ae35cd5eb,22467523,OK,OK,OK
prereg,B4-hidden-high-behind,runs/v3/B4-hidden-high-behind/moves.jsonl,included,f7e23fc2cb5017e370178bdadd93d5cc590323fdcd67e1b9e50f3a0aca6e46c6,80537647,11582,f7e23fc2cb5017e370178bdadd93d5cc590323fdcd67e1b9e50f3a0aca6e46c6,80537647,11582,f7e23fc2cb5017e370178bdadd93d5cc590323fdcd67e1b9e50f3a0aca6e46c6,80537647,OK,OK,OK
prereg,B4-hidden-off-ahead,runs/v3/B4-hidden-off-ahead/moves.jsonl,included,93b8256f3cb702fd97955371866a2d3929547aa58238a23362a7fc46070b1f9f,41477481,12368,93b8256f3cb702fd97955371866a2d3929547aa58238a23362a7fc46070b1f9f,41477481,12368,93b8256f3cb702fd97955371866a2d3929547aa58238a23362a7fc46070b1f9f,41477481,OK,OK,OK
prereg,B4-hidden-off-behind,runs/v3/B4-hidden-off-behind/moves.jsonl,included,f9d8426817f9d9f3a8054a127598fbcb9326418802e9b1b8d53b0b2db363e745,46490490,12023,f9d8426817f9d9f3a8054a127598fbcb9326418802e9b1b8d53b0b2db363e745,46490490,12023,f9d8426817f9d9f3a8054a127598fbcb9326418802e9b1b8d53b0b2db363e745,46490490,OK,OK,OK
prereg,B4-permitted-high-behind,runs/v3/B4-permitted-high-behind/moves.jsonl,included,43fdc734f0eead87f8ce6c194326f41c03ede670da2f7097402dbbb787504913,94647100,11349,43fdc734f0eead87f8ce6c194326f41c03ede670da2f7097402dbbb787504913,94647100,11349,43fdc734f0eead87f8ce6c194326f41c03ede670da2f7097402dbbb787504913,94647100,OK,OK,OK
prereg,B4-permitted-off-ahead,runs/v3/B4-permitted-off-ahead/moves.jsonl,included,cd393d8683c3dc5b859a6d274b5d3604e5757864b5b982839fcfa6c767a3f0b3,47106046,12867,cd393d8683c3dc5b859a6d274b5d3604e5757864b5b982839fcfa6c767a3f0b3,47106046,12867,cd393d8683c3dc5b859a6d274b5d3604e5757864b5b982839fcfa6c767a3f0b3,47106046,OK,OK,OK
prereg,B4-permitted-off-behind,runs/v3/B4-permitted-off-behind/moves.jsonl,included,aced7107a0007fffa99ab7fa90b4e9579c25d3cb736463bbb4fd0625e2b13d07,49217480,12572,aced7107a0007fffa99ab7fa90b4e9579c25d3cb736463bbb4fd0625e2b13d07,49217480,12572,aced7107a0007fffa99ab7fa90b4e9579c25d3cb736463bbb4fd0625e2b13d07,49217480,OK,OK,OK
prereg,B5-forbidden-high-behind,runs/v3/B5-forbidden-high-behind/moves.jsonl,included,5cdc830f82234fe84a469418396f30f1ea8e9473a680d6abc7851bbacb4f8424,62787072,12248,5cdc830f82234fe84a469418396f30f1ea8e9473a680d6abc7851bbacb4f8424,62787072,12248,5cdc830f82234fe84a469418396f30f1ea8e9473a680d6abc7851bbacb4f8424,62787072,OK,OK,OK
prereg,B5-forbidden-off-ahead,runs/v3/B5-forbidden-off-ahead/moves.jsonl,included,cea2e5474a58018736ced63ebf6ff5187c651303a3595451e29569eb4ad53795,31669639,12063,cea2e5474a58018736ced63ebf6ff5187c651303a3595451e29569eb4ad53795,31669639,12063,cea2e5474a58018736ced63ebf6ff5187c651303a3595451e29569eb4ad53795,31669639,OK,OK,OK
prereg,B5-forbidden-off-behind,runs/v3/B5-forbidden-off-behind/moves.jsonl,included,1ab4c77ea736d4c594c893f8cb00a53cced45684065220b71a3e3f4ddf852071,34498196,12658,1ab4c77ea736d4c594c893f8cb00a53cced45684065220b71a3e3f4ddf852071,34498196,12658,1ab4c77ea736d4c594c893f8cb00a53cced45684065220b71a3e3f4ddf852071,34498196,OK,OK,OK
prereg,B5-hidden-high-behind,runs/v3/B5-hidden-high-behind/moves.jsonl,included,ac1d6f5296209538d8e3255baba3cd6c199c91f589a71976b27c400aa777c552,66244295,10244,ac1d6f5296209538d8e3255baba3cd6c199c91f589a71976b27c400aa777c552,66244295,10244,ac1d6f5296209538d8e3255baba3cd6c199c91f589a71976b27c400aa777c552,66244295,OK,OK,OK
prereg,B5-hidden-off-ahead,runs/v3/B5-hidden-off-ahead/moves.jsonl,included,b586633ac3e9bd4e9564a397d6afc34a44dbcfa051548569678db2069b89ea0e,44664905,11214,b586633ac3e9bd4e9564a397d6afc34a44dbcfa051548569678db2069b89ea0e,44664905,11214,b586633ac3e9bd4e9564a397d6afc34a44dbcfa051548569678db2069b89ea0e,44664905,OK,OK,OK
prereg,B5-hidden-off-behind,runs/v3/B5-hidden-off-behind/moves.jsonl,included,ac11043165784faf153c1722b3ed68306996c774ec3519ec3c9c8abd74afd9bd,45479494,10839,ac11043165784faf153c1722b3ed68306996c774ec3519ec3c9c8abd74afd9bd,45479494,10839,ac11043165784faf153c1722b3ed68306996c774ec3519ec3c9c8abd74afd9bd,45479494,OK,OK,OK
prereg,B5-permitted-high-behind,runs/v3/B5-permitted-high-behind/moves.jsonl,included,b9a0d3ddc90d55fc0235985a6c71ee8aa24c02a467a0e1797835421d6cecdd58,91230857,10876,b9a0d3ddc90d55fc0235985a6c71ee8aa24c02a467a0e1797835421d6cecdd58,91230857,10876,b9a0d3ddc90d55fc0235985a6c71ee8aa24c02a467a0e1797835421d6cecdd58,91230857,OK,OK,OK
prereg,B5-permitted-off-ahead,runs/v3/B5-permitted-off-ahead/moves.jsonl,included,6dd8d430074bf43ed88091396d842f6e5ce9497b6120538ea572f05b51450aba,45858810,11258,6dd8d430074bf43ed88091396d842f6e5ce9497b6120538ea572f05b51450aba,45858810,11258,6dd8d430074bf43ed88091396d842f6e5ce9497b6120538ea572f05b51450aba,45858810,OK,OK,OK
prereg,B5-permitted-off-behind,runs/v3/B5-permitted-off-behind/moves.jsonl,included,0a68be00dfe2ee8ff48b66fb04a54c7701ab5d65d8d1fce3a274f1ef3acf63fb,42669069,10280,0a68be00dfe2ee8ff48b66fb04a54c7701ab5d65d8d1fce3a274f1ef3acf63fb,42669069,10280,0a68be00dfe2ee8ff48b66fb04a54c7701ab5d65d8d1fce3a274f1ef3acf63fb,42669069,OK,OK,OK
prereg,B6-hidden-off-ahead,runs/v3/B6-hidden-off-ahead/moves.jsonl,included,a5f7ddb576b6c6faf0b094d027dddb429128c9708a8e1ea432367d92692c7c6c,52469345,11765,a5f7ddb576b6c6faf0b094d027dddb429128c9708a8e1ea432367d92692c7c6c,52469345,11765,a5f7ddb576b6c6faf0b094d027dddb429128c9708a8e1ea432367d92692c7c6c,52469345,OK,OK,OK
prereg,B6-forbidden-high-behind,runs/v3b/B6-forbidden-high-behind/moves.jsonl,included,bc47a96d5a29ef9e8d7ed14bd6f612b092d077778017917b5f8fa967ed20f126,53034011,10813,bc47a96d5a29ef9e8d7ed14bd6f612b092d077778017917b5f8fa967ed20f126,53034011,10813,bc47a96d5a29ef9e8d7ed14bd6f612b092d077778017917b5f8fa967ed20f126,53034011,OK,OK,OK
prereg,B6-forbidden-off-ahead,runs/v3b/B6-forbidden-off-ahead/moves.jsonl,included,cf096df91f24f569238f8f284d39a5b47f5c0621bdba9d7a70074d8c250dfbdf,33533572,12971,cf096df91f24f569238f8f284d39a5b47f5c0621bdba9d7a70074d8c250dfbdf,33533572,12971,cf096df91f24f569238f8f284d39a5b47f5c0621bdba9d7a70074d8c250dfbdf,33533572,OK,OK,OK
prereg,B6-forbidden-off-behind,runs/v3b/B6-forbidden-off-behind/moves.jsonl,included,a4b078aed3906df3509e010cb60adf263a6eecc98022bae5f02d0821cb599906,35193372,13041,a4b078aed3906df3509e010cb60adf263a6eecc98022bae5f02d0821cb599906,35193372,13041,a4b078aed3906df3509e010cb60adf263a6eecc98022bae5f02d0821cb599906,35193372,OK,OK,OK
prereg,B6-hidden-high-behind,runs/v3b/B6-hidden-high-behind/moves.jsonl,included,1d7d6ce497bce967ba6ea031b793d167987d7580e8e790fbb04d32e0a07890cd,50563293,9021,1d7d6ce497bce967ba6ea031b793d167987d7580e8e790fbb04d32e0a07890cd,50563293,9021,1d7d6ce497bce967ba6ea031b793d167987d7580e8e790fbb04d32e0a07890cd,50563293,OK,OK,OK
prereg,B6-hidden-off-behind,runs/v3b/B6-hidden-off-behind/moves.jsonl,included,fc623fa865738bc15bb9290afe71066993740dc8eff6bf86e0bb4c74f1c011bc,47383604,10461,fc623fa865738bc15bb9290afe71066993740dc8eff6bf86e0bb4c74f1c011bc,47383604,10461,fc623fa865738bc15bb9290afe71066993740dc8eff6bf86e0bb4c74f1c011bc,47383604,OK,OK,OK
prereg,B6-permitted-high-behind,runs/v3b/B6-permitted-high-behind/moves.jsonl,included,208ff79a7f01fdc7ef93f5d187ec5d3bd58fd28cd3fa462128015c0e69fad603,72357490,9101,208ff79a7f01fdc7ef93f5d187ec5d3bd58fd28cd3fa462128015c0e69fad603,72357490,9101,208ff79a7f01fdc7ef93f5d187ec5d3bd58fd28cd3fa462128015c0e69fad603,72357490,OK,OK,OK
prereg,B6-permitted-off-ahead,runs/v3b/B6-permitted-off-ahead/moves.jsonl,included,63e57d0da99177b0c414aeeab7c3b8034a889b73ce7049dc6fe0261a54199ecf,41457942,10985,63e57d0da99177b0c414aeeab7c3b8034a889b73ce7049dc6fe0261a54199ecf,41457942,10985,63e57d0da99177b0c414aeeab7c3b8034a889b73ce7049dc6fe0261a54199ecf,41457942,OK,OK,OK
prereg,B6-permitted-off-behind,runs/v3b/B6-permitted-off-behind/moves.jsonl,included,86d17e8eaa422b9851c0e66d31b92275822f650b6438db579784232cd326524f,38903925,9808,86d17e8eaa422b9851c0e66d31b92275822f650b6438db579784232cd326524f,38903925,9808,86d17e8eaa422b9851c0e66d31b92275822f650b6438db579784232cd326524f,38903925,OK,OK,OK
prereg,X1-forbidden-off-behind-p4,runs/v3b/X1-forbidden-off-behind-p4/moves.jsonl,included,b4bc395765813a8c6722e25235a33822cbf1157c0326290aceb6c12e60e5a46f,25832320,12452,b4bc395765813a8c6722e25235a33822cbf1157c0326290aceb6c12e60e5a46f,25832320,12452,b4bc395765813a8c6722e25235a33822cbf1157c0326290aceb6c12e60e5a46f,25832320,OK,OK,OK
prereg,M1-forbidden-off-ahead,runs/v3-mimo/M1-forbidden-off-ahead/moves.jsonl,included,30fef5acb5d766ba61e1e11740f7a8c6d73186e2fdbdb9decd76b6898e6c6588,28931421,12800,30fef5acb5d766ba61e1e11740f7a8c6d73186e2fdbdb9decd76b6898e6c6588,28931421,12800,30fef5acb5d766ba61e1e11740f7a8c6d73186e2fdbdb9decd76b6898e6c6588,28931421,OK,OK,OK
prereg,M1-forbidden-off-behind,runs/v3-mimo/M1-forbidden-off-behind/moves.jsonl,included,fc6f4c2d3349a1d19d62d223421c5101de62b8af7425e22a9fec874d9e06d7b5,30052019,13001,fc6f4c2d3349a1d19d62d223421c5101de62b8af7425e22a9fec874d9e06d7b5,30052019,13001,fc6f4c2d3349a1d19d62d223421c5101de62b8af7425e22a9fec874d9e06d7b5,30052019,OK,OK,OK
prereg,M1-permitted-off-behind,runs/v3-mimo/M1-permitted-off-behind/moves.jsonl,included,f9867b011460e2473b29e6482c7a8752125aa4999d1e952dc1e608b0e1b98b1e,44381130,12486,f9867b011460e2473b29e6482c7a8752125aa4999d1e952dc1e608b0e1b98b1e,44381130,12486,f9867b011460e2473b29e6482c7a8752125aa4999d1e952dc1e608b0e1b98b1e,44381130,OK,OK,OK
prereg,M2-forbidden-off-ahead,runs/v3-mimo/M2-forbidden-off-ahead/moves.jsonl,included,9205be288372d13268454915489245cd2fbcfb1d02b3331868bd9fc0f429d8d4,28441177,12745,9205be288372d13268454915489245cd2fbcfb1d02b3331868bd9fc0f429d8d4,28441177,12745,9205be288372d13268454915489245cd2fbcfb1d02b3331868bd9fc0f429d8d4,28441177,OK,OK,OK
prereg,M2-forbidden-off-behind,runs/v3-mimo/M2-forbidden-off-behind/moves.jsonl,included,21e0b75b05428506dcaccb3ae10fabfc3a4d50c972bbccf0962aed0f04019b71,30633485,13439,21e0b75b05428506dcaccb3ae10fabfc3a4d50c972bbccf0962aed0f04019b71,30633485,13439,21e0b75b05428506dcaccb3ae10fabfc3a4d50c972bbccf0962aed0f04019b71,30633485,OK,OK,OK
prereg,M3-forbidden-off-ahead,runs/v3-mimo/M3-forbidden-off-ahead/moves.jsonl,included,f89d268e318e26f02123c29abb50fe5539100295ad006fb3ad7cbacc715897ef,31996041,13418,f89d268e318e26f02123c29abb50fe5539100295ad006fb3ad7cbacc715897ef,31996041,13418,f89d268e318e26f02123c29abb50fe5539100295ad006fb3ad7cbacc715897ef,31996041,OK,OK,OK
prereg,M3-forbidden-off-behind,runs/v3-mimo/M3-forbidden-off-behind/moves.jsonl,included,0322a5f0ac59fc293732a51940c04eacbb58a23c1bc858ceb98a0c0d763d9d9d,32048832,12661,0322a5f0ac59fc293732a51940c04eacbb58a23c1bc858ceb98a0c0d763d9d9d,32048832,12661,0322a5f0ac59fc293732a51940c04eacbb58a23c1bc858ceb98a0c0d763d9d9d,32048832,OK,OK,OK
prereg,M4-forbidden-off-ahead,runs/v3-mimo/M4-forbidden-off-ahead/moves.jsonl,included,c9e450f55876b88f1a53d7a7f9cc921f3555ff64c77f41c5f95d2fe0afd4bb0d,30816725,13241,c9e450f55876b88f1a53d7a7f9cc921f3555ff64c77f41c5f95d2fe0afd4bb0d,30816725,13241,c9e450f55876b88f1a53d7a7f9cc921f3555ff64c77f41c5f95d2fe0afd4bb0d,30816725,OK,OK,OK
prereg,M4-forbidden-off-behind,runs/v3-mimo/M4-forbidden-off-behind/moves.jsonl,included,d1ecdf1822ad3ae3f86ce55c89812aafa4003afc247edfba37bf9d5716b72ba1,31796906,12679,d1ecdf1822ad3ae3f86ce55c89812aafa4003afc247edfba37bf9d5716b72ba1,31796906,12679,d1ecdf1822ad3ae3f86ce55c89812aafa4003afc247edfba37bf9d5716b72ba1,31796906,OK,OK,OK
prereg,M5-forbidden-off-ahead,runs/v3-mimo/M5-forbidden-off-ahead/moves.jsonl,included,3b353fb0f0af2c50eefecfc6e80a5d665b285afa03b444db2855d10d941c1a24,29937886,13170,3b353fb0f0af2c50eefecfc6e80a5d665b285afa03b444db2855d10d941c1a24,29937886,13170,3b353fb0f0af2c50eefecfc6e80a5d665b285afa03b444db2855d10d941c1a24,29937886,OK,OK,OK
prereg,M5-forbidden-off-behind,runs/v3-mimo/M5-forbidden-off-behind/moves.jsonl,included,bd596964cf13a8cd0fd40839e92051a24c61fd94461ad49d0d073f7dd00564ab,30280780,12920,bd596964cf13a8cd0fd40839e92051a24c61fd94461ad49d0d073f7dd00564ab,30280780,12920,bd596964cf13a8cd0fd40839e92051a24c61fd94461ad49d0d073f7dd00564ab,30280780,OK,OK,OK
prereg,M6-forbidden-off-ahead,runs/v3-mimo/M6-forbidden-off-ahead/moves.jsonl,included,27b0962243b5914f6a2b7e2faf51aa745eb73ea78922547e0bae6a9518e125c6,28974276,12895,27b0962243b5914f6a2b7e2faf51aa745eb73ea78922547e0bae6a9518e125c6,28974276,12895,27b0962243b5914f6a2b7e2faf51aa745eb73ea78922547e0bae6a9518e125c6,28974276,OK,OK,OK
prereg,M6-forbidden-off-behind,runs/v3-mimo/M6-forbidden-off-behind/moves.jsonl,included,6242d9af8a18b3414e35d51775e4d79c1c1502a768ef7fa1255b03493f3d718d,30165847,12722,6242d9af8a18b3414e35d51775e4d79c1c1502a768ef7fa1255b03493f3d718d,30165847,12722,6242d9af8a18b3414e35d51775e4d79c1c1502a768ef7fa1255b03493f3d718d,30165847,OK,OK,OK
prereg,Y1-forbidden-off-behind-p4,runs/v3-mimo/Y1-forbidden-off-behind-p4/moves.jsonl,included,a457a627f98ca15ada1496ef6dade4075f293782fa3b1110e4b565cf1809f4a0,22254218,12833,a457a627f98ca15ada1496ef6dade4075f293782fa3b1110e4b565cf1809f4a0,22254218,12833,a457a627f98ca15ada1496ef6dade4075f293782fa3b1110e4b565cf1809f4a0,22254218,OK,OK,OK
repair,B1-absent-high-ahead-repair,runs/v7-repair/B1-absent-high-ahead-repair/moves.jsonl,excluded,50f7dffdfea8a1cdcc7a3dca61cda354d571f03d789c0948f66b32087f49b399,27110788,2158,50f7dffdfea8a1cdcc7a3dca61cda354d571f03d789c0948f66b32087f49b399,27110788,2158,50f7dffdfea8a1cdcc7a3dca61cda354d571f03d789c0948f66b32087f49b399,27110788,OK,OK,OK
repair,B3-permitted-high-behind-repair,runs/v7-repair/B3-permitted-high-behind-repair/moves.jsonl,excluded,622d7ad376ea9754f9e4c63ddd8f3c740da2da84985ac70bf2afc173a9912b9f,37796160,3127,622d7ad376ea9754f9e4c63ddd8f3c740da2da84985ac70bf2afc173a9912b9f,37796160,3127,622d7ad376ea9754f9e4c63ddd8f3c740da2da84985ac70bf2afc173a9912b9f,37796160,OK,OK,OK
repair,B4-hidden-high-behind-repair,runs/v7-repair/B4-hidden-high-behind-repair/moves.jsonl,excluded,e1e399c3a2e590425eaed317b40545dfe82761d7c19521c3338aec695fc1035d,9658181,1585,e1e399c3a2e590425eaed317b40545dfe82761d7c19521c3338aec695fc1035d,9658181,1585,e1e399c3a2e590425eaed317b40545dfe82761d7c19521c3338aec695fc1035d,9658181,OK,OK,OK
repair,B4-permitted-high-behind-repair,runs/v7-repair/B4-permitted-high-behind-repair/moves.jsonl,excluded,529362f4639b1a8f472da2093f48fd711edf0a8f2a9176412d9d46b14b2499e0,39341213,3135,529362f4639b1a8f472da2093f48fd711edf0a8f2a9176412d9d46b14b2499e0,39341213,3135,529362f4639b1a8f472da2093f48fd711edf0a8f2a9176412d9d46b14b2499e0,39341213,OK,OK,OK
repair,B5-forbidden-high-behind-repair,runs/v7-repair/B5-forbidden-high-behind-repair/moves.jsonl,excluded,42725c7baf0e38f63649403e4929a79b603a2a7e2389af165caeac82c78087de,6440872,904,42725c7baf0e38f63649403e4929a79b603a2a7e2389af165caeac82c78087de,6440872,904,42725c7baf0e38f63649403e4929a79b603a2a7e2389af165caeac82c78087de,6440872,OK,OK,OK
repair,B5-hidden-high-behind-repair,runs/v7-repair/B5-hidden-high-behind-repair/moves.jsonl,excluded,7f2fd80384a37a33f749dda751635d795de666c18dbcd13b501cb480297ce23f,30023610,3368,7f2fd80384a37a33f749dda751635d795de666c18dbcd13b501cb480297ce23f,30023610,3368,7f2fd80384a37a33f749dda751635d795de666c18dbcd13b501cb480297ce23f,30023610,OK,OK,OK
repair,B5-permitted-high-behind-repair,runs/v7-repair/B5-permitted-high-behind-repair/moves.jsonl,excluded,7d9516e8ff845d79034ac041b0174ad9e0d7b0efca6158f08f36ace09a1243de,34253360,3036,7d9516e8ff845d79034ac041b0174ad9e0d7b0efca6158f08f36ace09a1243de,34253360,3036,7d9516e8ff845d79034ac041b0174ad9e0d7b0efca6158f08f36ace09a1243de,34253360,OK,OK,OK
repair,B6-forbidden-high-behind-repair,runs/v7-repair/B6-forbidden-high-behind-repair/moves.jsonl,excluded,0362c7a3ad62ac73c66f68a6256ee2fdd60c318a7fe80f2b57acce066d185a0d,19974347,3016,0362c7a3ad62ac73c66f68a6256ee2fdd60c318a7fe80f2b57acce066d185a0d,19974347,3016,0362c7a3ad62ac73c66f68a6256ee2fdd60c318a7fe80f2b57acce066d185a0d,19974347,OK,OK,OK
repair,B6-hidden-high-behind-repair,runs/v7-repair/B6-hidden-high-behind-repair/moves.jsonl,excluded,305c356008b0e4cd4c530b64999115eadd54670809d0b6d22925d2c0d2ea63b0,43075098,4873,305c356008b0e4cd4c530b64999115eadd54670809d0b6d22925d2c0d2ea63b0,43075098,4873,305c356008b0e4cd4c530b64999115eadd54670809d0b6d22925d2c0d2ea63b0,43075098,OK,OK,OK
repair,B6-permitted-high-behind-repair,runs/v7-repair/B6-permitted-high-behind-repair/moves.jsonl,excluded,e49e6a6f0374f11d2ab04038f14ffa9fa09d45a6d232b30c4fbbadde184ee1cc,49995308,4711,e49e6a6f0374f11d2ab04038f14ffa9fa09d45a6d232b30c4fbbadde184ee1cc,49995308,4711,e49e6a6f0374f11d2ab04038f14ffa9fa09d45a6d232b30c4fbbadde184ee1cc,49995308,OK,OK,OK
replication,B1-hidden-off-ahead-a4096,runs/v4-a4096/B1-hidden-off-ahead-a4096/moves.jsonl,included,1e9d3fd480a0ed16159b3f18e202e9b88ecc65f53d0b3a2fae71c8a3bf1d46bb,47903978,13248,1e9d3fd480a0ed16159b3f18e202e9b88ecc65f53d0b3a2fae71c8a3bf1d46bb,47903978,13248,1e9d3fd480a0ed16159b3f18e202e9b88ecc65f53d0b3a2fae71c8a3bf1d46bb,47903978,OK,OK,OK
replication,B1-hidden-off-behind-a4096,runs/v4-a4096/B1-hidden-off-behind-a4096/moves.jsonl,included,da90858938901b63758952da8024cc0f9c0349547110a2937ebb1d55ce971b7b,51782278,13040,da90858938901b63758952da8024cc0f9c0349547110a2937ebb1d55ce971b7b,51782278,13040,da90858938901b63758952da8024cc0f9c0349547110a2937ebb1d55ce971b7b,51782278,OK,OK,OK
replication,B1-permitted-off-ahead-a4096,runs/v4-a4096/B1-permitted-off-ahead-a4096/moves.jsonl,included,75139d940f08c4b20f2a2559ee8fb0fde9c215a5e250b5eb1ad9ecb603e59b62,46395655,13248,75139d940f08c4b20f2a2559ee8fb0fde9c215a5e250b5eb1ad9ecb603e59b62,46395655,13248,75139d940f08c4b20f2a2559ee8fb0fde9c215a5e250b5eb1ad9ecb603e59b62,46395655,OK,OK,OK
replication,B1-permitted-off-behind-a4096,runs/v4-a4096/B1-permitted-off-behind-a4096/moves.jsonl,included,c8ee256298efa8cf5eb0efd134815abfbed5d6b09b5a48042bfcf5da1174a71b,54229663,13341,c8ee256298efa8cf5eb0efd134815abfbed5d6b09b5a48042bfcf5da1174a71b,54229663,13341,c8ee256298efa8cf5eb0efd134815abfbed5d6b09b5a48042bfcf5da1174a71b,54229663,OK,OK,OK
replication,B2-hidden-off-ahead-a4096,runs/v4-a4096/B2-hidden-off-ahead-a4096/moves.jsonl,included,3fe62fcc0397c3fd6d0e28b6e426116148261b12727c98f760adddaed8bc18c3,45528934,13307,3fe62fcc0397c3fd6d0e28b6e426116148261b12727c98f760adddaed8bc18c3,45528934,13307,3fe62fcc0397c3fd6d0e28b6e426116148261b12727c98f760adddaed8bc18c3,45528934,OK,OK,OK
replication,B2-hidden-off-behind-a4096,runs/v4-a4096/B2-hidden-off-behind-a4096/moves.jsonl,included,5a0f6fa5db9dbb023057862feb864d5ef45a49eb51b1229d442b778b9e2b2696,53126956,13319,5a0f6fa5db9dbb023057862feb864d5ef45a49eb51b1229d442b778b9e2b2696,53126956,13319,5a0f6fa5db9dbb023057862feb864d5ef45a49eb51b1229d442b778b9e2b2696,53126956,OK,OK,OK
replication,B2-permitted-off-ahead-a4096,runs/v4-a4096/B2-permitted-off-ahead-a4096/moves.jsonl,included,0ee21a6ae0d259c09e5fa5757abcea9f8ff733ead5ec59bc2dcbe3c697437620,49840421,12844,0ee21a6ae0d259c09e5fa5757abcea9f8ff733ead5ec59bc2dcbe3c697437620,49840421,12844,0ee21a6ae0d259c09e5fa5757abcea9f8ff733ead5ec59bc2dcbe3c697437620,49840421,OK,OK,OK
replication,B2-permitted-off-behind-a4096,runs/v4-a4096/B2-permitted-off-behind-a4096/moves.jsonl,included,3a9f4af20d104c48dcb28d4f26c5e32e259ac39a7398b92d35f3cfdf038524d6,51134622,13096,3a9f4af20d104c48dcb28d4f26c5e32e259ac39a7398b92d35f3cfdf038524d6,51134622,13096,3a9f4af20d104c48dcb28d4f26c5e32e259ac39a7398b92d35f3cfdf038524d6,51134622,OK,OK,OK
replication,B3-hidden-off-ahead-a4096,runs/v4-a4096/B3-hidden-off-ahead-a4096/moves.jsonl,included,69619a8ee18bce70c55af95e198e2f45f9cc6fbdc94fde14005a62c6d094aea3,44428988,12754,69619a8ee18bce70c55af95e198e2f45f9cc6fbdc94fde14005a62c6d094aea3,44428988,12754,69619a8ee18bce70c55af95e198e2f45f9cc6fbdc94fde14005a62c6d094aea3,44428988,OK,OK,OK
replication,B3-hidden-off-behind-a4096,runs/v4-a4096/B3-hidden-off-behind-a4096/moves.jsonl,included,75128823a5a5348aab37fa92650865296077e240e09da35b73283a02ebcdca30,50440661,12651,75128823a5a5348aab37fa92650865296077e240e09da35b73283a02ebcdca30,50440661,12651,75128823a5a5348aab37fa92650865296077e240e09da35b73283a02ebcdca30,50440661,OK,OK,OK
replication,B3-hidden-off-behind-a4096.partial-providererror-20260913T080239Z,runs/v4-a4096/B3-hidden-off-behind-a4096.partial-providererror-20260913T080239Z/moves.jsonl,excluded,396aa503e26d2017fb48ec920ccbcca75792f16a6cf0f4ae56a8c6c802c0dd91,51799577,12306,396aa503e26d2017fb48ec920ccbcca75792f16a6cf0f4ae56a8c6c802c0dd91,51799577,12306,396aa503e26d2017fb48ec920ccbcca75792f16a6cf0f4ae56a8c6c802c0dd91,51799577,OK,OK,OK
replication,B3-permitted-off-ahead-a4096,runs/v4-a4096/B3-permitted-off-ahead-a4096/moves.jsonl,included,9b1607cb93c015bdf8bb09f4a6b4904d3fcdb8bc77d76c085a934ed1e20c2eaf,46834124,12553,9b1607cb93c015bdf8bb09f4a6b4904d3fcdb8bc77d76c085a934ed1e20c2eaf,46834124,12553,9b1607cb93c015bdf8bb09f4a6b4904d3fcdb8bc77d76c085a934ed1e20c2eaf,46834124,OK,OK,OK
replication,B3-permitted-off-behind-a4096,runs/v4-a4096/B3-permitted-off-behind-a4096/moves.jsonl,included,7f00a510a1c18d58e5d7e9a310b212f29cf76e444dfcf97dddccee9dea80cf45,52140012,13073,7f00a510a1c18d58e5d7e9a310b212f29cf76e444dfcf97dddccee9dea80cf45,52140012,13073,7f00a510a1c18d58e5d7e9a310b212f29cf76e444dfcf97dddccee9dea80cf45,52140012,OK,OK,OK
replication,B3-permitted-off-behind-a4096.partial-providererror-20260913T080239Z,runs/v4-a4096/B3-permitted-off-behind-a4096.partial-providererror-20260913T080239Z/moves.jsonl,excluded,c98a2a70dfe7f7873281b5de3114040a0bb61e1227e5070beae41ac97f813d19,51017264,12563,c98a2a70dfe7f7873281b5de3114040a0bb61e1227e5070beae41ac97f813d19,51017264,12563,c98a2a70dfe7f7873281b5de3114040a0bb61e1227e5070beae41ac97f813d19,51017264,OK,OK,OK
replication,B4-hidden-off-ahead-a4096,runs/v4-a4096/B4-hidden-off-ahead-a4096/moves.jsonl,included,45202ef19632bc684b89cd556675019202e8185b2930ae776a17c3d38914995e,46052199,12738,45202ef19632bc684b89cd556675019202e8185b2930ae776a17c3d38914995e,46052199,12738,45202ef19632bc684b89cd556675019202e8185b2930ae776a17c3d38914995e,46052199,OK,OK,OK
replication,B4-hidden-off-ahead-a4096.partial-providererror-20260913T080239Z,runs/v4-a4096/B4-hidden-off-ahead-a4096.partial-providererror-20260913T080239Z/moves.jsonl,excluded,f803acd88d8af7a5c0350289406fbf9e360cc0628ab503a971f2b27ed61b287d,39861755,11946,f803acd88d8af7a5c0350289406fbf9e360cc0628ab503a971f2b27ed61b287d,39861755,11946,f803acd88d8af7a5c0350289406fbf9e360cc0628ab503a971f2b27ed61b287d,39861755,OK,OK,OK
replication,B4-hidden-off-behind-a4096,runs/v4-a4096/B4-hidden-off-behind-a4096/moves.jsonl,included,389a89cf6f0dcc29ebce345a42469ffdd808d832fc427ad9ba08ee395cfe4523,53949582,13018,389a89cf6f0dcc29ebce345a42469ffdd808d832fc427ad9ba08ee395cfe4523,53949582,13018,389a89cf6f0dcc29ebce345a42469ffdd808d832fc427ad9ba08ee395cfe4523,53949582,OK,OK,OK
replication,B4-hidden-off-behind-a4096.partial-providererror-20260913T080239Z,runs/v4-a4096/B4-hidden-off-behind-a4096.partial-providererror-20260913T080239Z/moves.jsonl,excluded,0048ff545b7e17b1ac9d19d38033ce389d8964d24e3b3718354cdc956b8acba6,40496270,12123,0048ff545b7e17b1ac9d19d38033ce389d8964d24e3b3718354cdc956b8acba6,40496270,12123,0048ff545b7e17b1ac9d19d38033ce389d8964d24e3b3718354cdc956b8acba6,40496270,OK,OK,OK
replication,B4-permitted-off-ahead-a4096,runs/v4-a4096/B4-permitted-off-ahead-a4096/moves.jsonl,included,a8dafbe3e05e747de73d1b9ed3fe7bd3e703deb0db23e498ae7805be9ed23a19,43885546,12729,a8dafbe3e05e747de73d1b9ed3fe7bd3e703deb0db23e498ae7805be9ed23a19,43885546,12729,a8dafbe3e05e747de73d1b9ed3fe7bd3e703deb0db23e498ae7805be9ed23a19,43885546,OK,OK,OK
replication,B4-permitted-off-ahead-a4096.partial-providererror-20260913T080239Z,runs/v4-a4096/B4-permitted-off-ahead-a4096.partial-providererror-20260913T080239Z/moves.jsonl,excluded,9c5e3644d1b6e547288241796dc980f90e75cd4f76f4a9e72d895d2f1fc93258,39655775,11690,9c5e3644d1b6e547288241796dc980f90e75cd4f76f4a9e72d895d2f1fc93258,39655775,11690,9c5e3644d1b6e547288241796dc980f90e75cd4f76f4a9e72d895d2f1fc93258,39655775,OK,OK,OK
replication,B4-permitted-off-behind-a4096,runs/v4-a4096/B4-permitted-off-behind-a4096/moves.jsonl,included,6eb631f05651db4971ac346df070c7e15bd46adeab7e3c17497b0c8dad312b65,55905048,13461,6eb631f05651db4971ac346df070c7e15bd46adeab7e3c17497b0c8dad312b65,55905048,13461,6eb631f05651db4971ac346df070c7e15bd46adeab7e3c17497b0c8dad312b65,55905048,OK,OK,OK
replication,B4-permitted-off-behind-a4096.partial-providererror-20260913T080239Z,runs/v4-a4096/B4-permitted-off-behind-a4096.partial-providererror-20260913T080239Z/moves.jsonl,excluded,5c75a71d7eebd6bb5c1879891ea154e218e6db3b49cfc3ce646f5d4ccc32bc23,53545736,12790,5c75a71d7eebd6bb5c1879891ea154e218e6db3b49cfc3ce646f5d4ccc32bc23,53545736,12790,5c75a71d7eebd6bb5c1879891ea154e218e6db3b49cfc3ce646f5d4ccc32bc23,53545736,OK,OK,OK
replication,B5-hidden-off-ahead-a4096,runs/v4-a4096/B5-hidden-off-ahead-a4096/moves.jsonl,included,bb091952c350d8b453e81db1a7a2aab3795d9e8a545e391857a9718aa8c341e3,69987182,13388,bb091952c350d8b453e81db1a7a2aab3795d9e8a545e391857a9718aa8c341e3,69987182,13388,bb091952c350d8b453e81db1a7a2aab3795d9e8a545e391857a9718aa8c341e3,69987182,OK,OK,OK
replication,B5-hidden-off-ahead-a4096.partial-providererror-20260913T080239Z,runs/v4-a4096/B5-hidden-off-ahead-a4096.partial-providererror-20260913T080239Z/moves.jsonl,excluded,cec5d473dd099743be6c23d2d36122c39ec75e649adb7d2439bc7d703a3a02ba,44077108,10461,cec5d473dd099743be6c23d2d36122c39ec75e649adb7d2439bc7d703a3a02ba,44077108,10461,cec5d473dd099743be6c23d2d36122c39ec75e649adb7d2439bc7d703a3a02ba,44077108,OK,OK,OK
replication,B5-hidden-off-behind-a4096,runs/v4-a4096/B5-hidden-off-behind-a4096/moves.jsonl,included,84b82dad563d22b3edfdb7cb471a75227159220b00a271362b4c439edbc8da55,72874171,12981,84b82dad563d22b3edfdb7cb471a75227159220b00a271362b4c439edbc8da55,72874171,12981,84b82dad563d22b3edfdb7cb471a75227159220b00a271362b4c439edbc8da55,72874171,OK,OK,OK
replication,B5-hidden-off-behind-a4096.partial-providererror-20260913T080239Z,runs/v4-a4096/B5-hidden-off-behind-a4096.partial-providererror-20260913T080239Z/moves.jsonl,excluded,0980aef12881b8546fbb0c9ed8dabfd86b8496349351389f3bc9e7e977fdf34a,25534385,7685,0980aef12881b8546fbb0c9ed8dabfd86b8496349351389f3bc9e7e977fdf34a,25534385,7685,0980aef12881b8546fbb0c9ed8dabfd86b8496349351389f3bc9e7e977fdf34a,25534385,OK,OK,OK
replication,B5-permitted-off-ahead-a4096,runs/v4-a4096/B5-permitted-off-ahead-a4096/moves.jsonl,included,88b5849a79273942662fcb195e209c0d883ec2a3537a1a3d1468c6f919e41d55,61308708,13086,88b5849a79273942662fcb195e209c0d883ec2a3537a1a3d1468c6f919e41d55,61308708,13086,88b5849a79273942662fcb195e209c0d883ec2a3537a1a3d1468c6f919e41d55,61308708,OK,OK,OK
replication,B5-permitted-off-ahead-a4096.partial-providererror-20260913T080239Z,runs/v4-a4096/B5-permitted-off-ahead-a4096.partial-providererror-20260913T080239Z/moves.jsonl,excluded,1ee61a04757f0a194b9fbe556adfa01d8378665a2162e7b5ec134a78232bbe0d,23215989,7161,1ee61a04757f0a194b9fbe556adfa01d8378665a2162e7b5ec134a78232bbe0d,23215989,7161,1ee61a04757f0a194b9fbe556adfa01d8378665a2162e7b5ec134a78232bbe0d,23215989,OK,OK,OK
replication,B5-permitted-off-behind-a4096,runs/v4-a4096/B5-permitted-off-behind-a4096/moves.jsonl,included,c91e76c3a1925144d991a75696bd80d019310b4de6467b72e80b61c671101268,71286401,12791,c91e76c3a1925144d991a75696bd80d019310b4de6467b72e80b61c671101268,71286401,12791,c91e76c3a1925144d991a75696bd80d019310b4de6467b72e80b61c671101268,71286401,OK,OK,OK
replication,B5-permitted-off-behind-a4096.partial-providererror-20260913T080239Z,runs/v4-a4096/B5-permitted-off-behind-a4096.partial-providererror-20260913T080239Z/moves.jsonl,excluded,8522609ab2d71336408571352351e31d0a3191dbc21e946d011675bc46fb3eb6,39537302,8932,8522609ab2d71336408571352351e31d0a3191dbc21e946d011675bc46fb3eb6,39537302,8932,8522609ab2d71336408571352351e31d0a3191dbc21e946d011675bc46fb3eb6,39537302,OK,OK,OK
replication,B6-hidden-off-ahead-a4096,runs/v4-a4096/B6-hidden-off-ahead-a4096/moves.jsonl,included,8c02134f42420c27e6f2ec76b7bdecbc33ce852597f4315687e42384e71c0a19,63930604,12739,8c02134f42420c27e6f2ec76b7bdecbc33ce852597f4315687e42384e71c0a19,63930604,12739,8c02134f42420c27e6f2ec76b7bdecbc33ce852597f4315687e42384e71c0a19,63930604,OK,OK,OK
replication,B6-hidden-off-ahead-a4096.partial-providererror-20260913T080239Z,runs/v4-a4096/B6-hidden-off-ahead-a4096.partial-providererror-20260913T080239Z/moves.jsonl,excluded,0ab7ec2564974b3a3c5fa6ff14d6f78ca0820915011f08d858fd80ecdf8dfa54,23283284,7591,0ab7ec2564974b3a3c5fa6ff14d6f78ca0820915011f08d858fd80ecdf8dfa54,23283284,7591,0ab7ec2564974b3a3c5fa6ff14d6f78ca0820915011f08d858fd80ecdf8dfa54,23283284,OK,OK,OK
replication,B6-hidden-off-behind-a4096,runs/v4-a4096/B6-hidden-off-behind-a4096/moves.jsonl,included,5c586a32097cae3d83d5b0bf2e6dc70f534074729b538b33dfdd199db3c4c717,65284809,12356,5c586a32097cae3d83d5b0bf2e6dc70f534074729b538b33dfdd199db3c4c717,65284809,12356,5c586a32097cae3d83d5b0bf2e6dc70f534074729b538b33dfdd199db3c4c717,65284809,OK,OK,OK
replication,B6-hidden-off-behind-a4096.partial-providererror-20260913T080239Z,runs/v4-a4096/B6-hidden-off-behind-a4096.partial-providererror-20260913T080239Z/moves.jsonl,excluded,626a4a11579478fedf00d50c47fb7044db393075b598245f7d729dade3b1737d,5506947,4589,626a4a11579478fedf00d50c47fb7044db393075b598245f7d729dade3b1737d,5506947,4589,626a4a11579478fedf00d50c47fb7044db393075b598245f7d729dade3b1737d,5506947,OK,OK,OK
replication,B6-permitted-off-ahead-a4096,runs/v4-a4096/B6-permitted-off-ahead-a4096/moves.jsonl,included,26d49692e85a47595a04cb5cf1b829faabc71ceecaa569c3f4585f73f50759c0,63689599,12892,26d49692e85a47595a04cb5cf1b829faabc71ceecaa569c3f4585f73f50759c0,63689599,12892,26d49692e85a47595a04cb5cf1b829faabc71ceecaa569c3f4585f73f50759c0,63689599,OK,OK,OK
replication,B6-permitted-off-ahead-a4096.partial-providererror-20260913T080239Z,runs/v4-a4096/B6-permitted-off-ahead-a4096.partial-providererror-20260913T080239Z/moves.jsonl,excluded,dc28ca2d410d68bf96aad59bad9ba2acb37f9d8077c8b97fd7f77bac2fae884c,5563880,4623,dc28ca2d410d68bf96aad59bad9ba2acb37f9d8077c8b97fd7f77bac2fae884c,5563880,4623,dc28ca2d410d68bf96aad59bad9ba2acb37f9d8077c8b97fd7f77bac2fae884c,5563880,OK,OK,OK
replication,B6-permitted-off-behind-a4096,runs/v4-a4096/B6-permitted-off-behind-a4096/moves.jsonl,included,7de12e77e3c9b33ec70416fa3ebf091d4f0bb09f87c951ed4465e99c87442bb7,64333543,12369,7de12e77e3c9b33ec70416fa3ebf091d4f0bb09f87c951ed4465e99c87442bb7,64333543,12369,7de12e77e3c9b33ec70416fa3ebf091d4f0bb09f87c951ed4465e99c87442bb7,64333543,OK,OK,OK
replication,B6-permitted-off-behind-a4096.partial-providererror-20260913T080239Z,runs/v4-a4096/B6-permitted-off-behind-a4096.partial-providererror-20260913T080239Z/moves.jsonl,excluded,7fd7f4d2132a658f28c8286d79850042779d9a9562da283711816bb486d0f88e,11541580,5225,7fd7f4d2132a658f28c8286d79850042779d9a9562da283711816bb486d0f88e,11541580,5225,7fd7f4d2132a658f28c8286d79850042779d9a9562da283711816bb486d0f88e,11541580,OK,OK,OK
(inventory only),B1-forbidden-off-behind-d30,runs/v5-d30/B1-forbidden-off-behind-d30/moves.jsonl,not-in-PROVENANCE,,,,18c3bf3f2f55f744124e2307c0bd97a5c9f1824ad5eb6949bb3de5706507ac4e,22045468,12661,18c3bf3f2f55f744124e2307c0bd97a5c9f1824ad5eb6949bb3de5706507ac4e,22045468,n/a,n/a,OK
(inventory only),B2-forbidden-off-behind-d30,runs/v5-d30/B2-forbidden-off-behind-d30/moves.jsonl,not-in-PROVENANCE,,,,186732d6aecced360c4b1ff1aa3923c890262ea6f1e20ddf072364c234b562a9,20392865,12123,186732d6aecced360c4b1ff1aa3923c890262ea6f1e20ddf072364c234b562a9,20392865,n/a,n/a,OK
(inventory only),B3-forbidden-off-behind-d30,runs/v5-d30/B3-forbidden-off-behind-d30/moves.jsonl,not-in-PROVENANCE,,,,4123d1351dcf680458b918962a7158a60afe28b70b3a6bbc32caf02b9fd798f7,21261707,12927,4123d1351dcf680458b918962a7158a60afe28b70b3a6bbc32caf02b9fd798f7,21261707,n/a,n/a,OK
(inventory only),B4-forbidden-off-behind-d30,runs/v5-d30/B4-forbidden-off-behind-d30/moves.jsonl,not-in-PROVENANCE,,,,9cea1d2c5720327772faa8c647d7688ba2409f284c39b2a7df532bc17d9ec086,22237540,13299,9cea1d2c5720327772faa8c647d7688ba2409f284c39b2a7df532bc17d9ec086,22237540,n/a,n/a,OK
(inventory only),B5-forbidden-off-behind-d30,runs/v5-d30/B5-forbidden-off-behind-d30/moves.jsonl,not-in-PROVENANCE,,,,6587ec0ac4d7f8bc7c362c6b2a29d1969ce7b784040f664fe2419d269259ea9e,34353184,12759,6587ec0ac4d7f8bc7c362c6b2a29d1969ce7b784040f664fe2419d269259ea9e,34353184,n/a,n/a,OK
(inventory only),B6-forbidden-off-behind-d30,runs/v5-d30/B6-forbidden-off-behind-d30/moves.jsonl,not-in-PROVENANCE,,,,b6f0620f7135f14d63a7497f711cfb7d413921789ec8658b1d691f742c881e8d,34813631,13072,b6f0620f7135f14d63a7497f711cfb7d413921789ec8658b1d691f742c881e8d,34813631,n/a,n/a,OK
(inventory only),B1-forbidden-low-behind,runs/v6-low/B1-forbidden-low-behind/moves.jsonl,not-in-PROVENANCE,,,,3a15bec840c404614e90d8298b565877c7960d24a9f406fe9c17097bc8ebc3db,29411636,12659,3a15bec840c404614e90d8298b565877c7960d24a9f406fe9c17097bc8ebc3db,29411636,n/a,n/a,OK
(inventory only),B2-forbidden-low-behind,runs/v6-low/B2-forbidden-low-behind/moves.jsonl,not-in-PROVENANCE,,,,5a026f3d36f6ccf9ae7bdd686577a9f1f7dde0de2169c61d4f92f296891e7533,29782235,12629,5a026f3d36f6ccf9ae7bdd686577a9f1f7dde0de2169c61d4f92f296891e7533,29782235,n/a,n/a,OK
(inventory only),B3-forbidden-low-behind,runs/v6-low/B3-forbidden-low-behind/moves.jsonl,not-in-PROVENANCE,,,,8dbdc2fea24177a553978fa41f4da3b01b24112d4a4714667f7bf6257d62e85d,31493211,13031,8dbdc2fea24177a553978fa41f4da3b01b24112d4a4714667f7bf6257d62e85d,31493211,n/a,n/a,OK
(inventory only),B4-forbidden-low-behind,runs/v6-low/B4-forbidden-low-behind/moves.jsonl,not-in-PROVENANCE,,,,7b99ca0ffa89cfb4eae8abd22bf786b9ba717081d79ed25cb605575e6401b971,31908126,13063,7b99ca0ffa89cfb4eae8abd22bf786b9ba717081d79ed25cb605575e6401b971,31908126,n/a,n/a,OK
(inventory only),B5-forbidden-low-behind,runs/v6-low/B5-forbidden-low-behind/moves.jsonl,not-in-PROVENANCE,,,,4dafd26de9c0a28107a1cbe61b3842f3d074e95c59c2ddc79da47024ed84f36c,34954555,12983,4dafd26de9c0a28107a1cbe61b3842f3d074e95c59c2ddc79da47024ed84f36c,34954555,n/a,n/a,OK
(inventory only),B6-forbidden-low-behind,runs/v6-low/B6-forbidden-low-behind/moves.jsonl,not-in-PROVENANCE,,,,fe9322f37bb3aa1771546653370f090bac1435bb6169ab869dce21151a7925fa,35920886,13201,fe9322f37bb3aa1771546653370f090bac1435bb6169ab869dce21151a7925fa,35920886,n/a,n/a,OK
