dataset,view,index,coop,n_sandboxes,n_decisions
deficit_d30,A_all_games,1,0.11835748792270533,6,1656
deficit_d30,A_all_games,2,0.14439627737000338,6,1587
deficit_d30,A_all_games,3,0.1075830278532573,6,1541
deficit_d30,A_all_games,4,0.12521682310609997,6,1488
deficit_d30,A_all_games,5,0.17540337209867082,6,1444
deficit_d30,A_all_games,6,0.17517424398202044,6,1394
deficit_d30,A_all_games,7,0.15220645825621568,6,1361
deficit_d30,A_all_games,8,0.15762516735631815,6,1320
deficit_d30,A_all_games,9,0.16416110720016422,6,1282
deficit_d30,A_all_games,10,0.1489964978708109,6,1245
deficit_d30,A_all_games,11,0.11503244301662398,6,1202
deficit_d30,A_all_games,12,0.1267933187279676,6,1167
deficit_d30,A_all_games,13,0.1376930350405643,6,1142
deficit_d30,A_all_games,14,0.12833714496346346,6,1110
deficit_d30,A_all_games,15,0.12104026312698758,6,1073
deficit_d30,A_all_games,16,0.11029343288862374,6,1033
deficit_d30,A_all_games,17,0.11463188191435807,6,1006
deficit_d30,A_all_games,18,0.12455871791533064,6,981
deficit_d30,A_all_games,19,0.11982534830828762,6,959
deficit_d30,A_all_games,20,0.10511477256582269,6,921
deficit_d30,A_all_games,21,0.17331685753886136,6,896
deficit_d30,A_all_games,22,0.19000185670049466,6,858
deficit_d30,A_all_games,23,0.20483523439810888,6,825
deficit_d30,A_all_games,24,0.19593557216517318,6,792
deficit_d30,A_all_games,25,0.1879353287014064,6,764
deficit_d30,A_all_games,26,0.16884023703575468,6,745
deficit_d30,A_all_games,27,0.1864203917663454,6,720
deficit_d30,A_all_games,28,0.2013506107677231,6,704
deficit_d30,A_all_games,29,0.1977525814784641,6,680
deficit_d30,A_all_games,30,0.22104755706621812,6,651
deficit_d30,B_reached_30,1,0.11567994401536148,6,651
deficit_d30,B_reached_30,2,0.1192539331366765,6,651
deficit_d30,B_reached_30,3,0.11428960256634363,6,651
deficit_d30,B_reached_30,4,0.13785168048827148,6,651
deficit_d30,B_reached_30,5,0.1718054695161275,6,651
deficit_d30,B_reached_30,6,0.16789852637774916,6,651
deficit_d30,B_reached_30,7,0.15715764890928416,6,651
deficit_d30,B_reached_30,8,0.14706471848641914,6,651
deficit_d30,B_reached_30,9,0.1756359262852145,6,651
deficit_d30,B_reached_30,10,0.14863206490996025,6,651
deficit_d30,B_reached_30,11,0.10636084230495542,6,651
deficit_d30,B_reached_30,12,0.11803547453076119,6,651
deficit_d30,B_reached_30,13,0.13716098711529645,6,651
deficit_d30,B_reached_30,14,0.1336433878637611,6,651
deficit_d30,B_reached_30,15,0.11693743501650389,6,651
deficit_d30,B_reached_30,16,0.11019639541426768,6,651
deficit_d30,B_reached_30,17,0.11455438013729664,6,651
deficit_d30,B_reached_30,18,0.13149141177950335,6,651
deficit_d30,B_reached_30,19,0.12226615391294114,6,651
deficit_d30,B_reached_30,20,0.11307945388360933,6,651
deficit_d30,B_reached_30,21,0.18335158421489703,6,651
deficit_d30,B_reached_30,22,0.19380775783478746,6,651
deficit_d30,B_reached_30,23,0.20827859925830297,6,651
deficit_d30,B_reached_30,24,0.20423830532285706,6,651
deficit_d30,B_reached_30,25,0.1863936196131271,6,651
deficit_d30,B_reached_30,26,0.17561809425266525,6,651
deficit_d30,B_reached_30,27,0.18950292360738685,6,651
deficit_d30,B_reached_30,28,0.20485872800464952,6,651
deficit_d30,B_reached_30,29,0.19741777725617662,6,651
deficit_d30,B_reached_30,30,0.22104755706621812,6,651
deficit_d30,C_from_end,0,0.18115942028985507,6,1656
deficit_d30,C_from_end,1,0.17100942206830552,6,1587
deficit_d30,C_from_end,2,0.1668028230461904,6,1541
deficit_d30,C_from_end,3,0.16724940994284876,6,1488
deficit_d30,C_from_end,4,0.16613211020884575,6,1444
deficit_d30,C_from_end,5,0.16380626467237588,6,1394
deficit_d30,C_from_end,6,0.1720295938941134,6,1361
deficit_d30,C_from_end,7,0.17071598353449546,6,1320
deficit_d30,C_from_end,8,0.170191620008884,6,1282
deficit_d30,C_from_end,9,0.16348366335740006,6,1245
deficit_d30,C_from_end,10,0.12665832326648385,6,1202
deficit_d30,C_from_end,11,0.13166501732885436,6,1167
deficit_d30,C_from_end,12,0.13008829151145102,6,1142
deficit_d30,C_from_end,13,0.12756656807607764,6,1110
deficit_d30,C_from_end,14,0.12761315694440725,6,1073
deficit_d30,C_from_end,15,0.12128688498845495,6,1033
deficit_d30,C_from_end,16,0.1299286960356349,6,1006
deficit_d30,C_from_end,17,0.12650520875598445,6,981
deficit_d30,C_from_end,18,0.12360784115696473,6,959
deficit_d30,C_from_end,19,0.10878278877822538,6,921
deficit_d30,C_from_end,20,0.15072042872774694,6,896
deficit_d30,C_from_end,21,0.1636391216895748,6,858
deficit_d30,C_from_end,22,0.13613155792160517,6,825
deficit_d30,C_from_end,23,0.14767381836985524,6,792
deficit_d30,C_from_end,24,0.15346423147689936,6,764
deficit_d30,C_from_end,25,0.16057504409043857,6,745
deficit_d30,C_from_end,26,0.1310872745549924,6,720
deficit_d30,C_from_end,27,0.11348372186340101,6,704
deficit_d30,C_from_end,28,0.12146994447902819,6,680
deficit_d30,C_from_end,29,0.11567994401536148,6,651
low_arm,A_all_games,1,0.6129227053140096,6,1656
low_arm,A_all_games,2,0.39059342177680945,6,1604
low_arm,A_all_games,3,0.3448641511416534,6,1562
low_arm,A_all_games,4,0.10542480957767908,6,1521
low_arm,A_all_games,5,0.2762808470211204,6,1462
low_arm,A_all_games,6,0.2213099291192406,6,1414
low_arm,A_all_games,7,0.19900861003045356,6,1378
low_arm,A_all_games,8,0.167303001990848,6,1323
low_arm,A_all_games,9,0.15453347684509536,6,1294
low_arm,A_all_games,10,0.15177104351599882,6,1261
low_arm,A_all_games,11,0.14258014386179801,6,1211
low_arm,A_all_games,12,0.13032925471490275,6,1188
low_arm,A_all_games,13,0.13251641810611325,6,1149
low_arm,A_all_games,14,0.08941776176091278,6,1124
low_arm,A_all_games,15,0.13304601860080514,6,1077
low_arm,A_all_games,16,0.14575858558995178,6,1034
low_arm,A_all_games,17,0.15689759314363885,6,1000
low_arm,A_all_games,18,0.13494053123171698,6,972
low_arm,A_all_games,19,0.11827241796720155,6,946
low_arm,A_all_games,20,0.13314339956854612,6,919
low_arm,A_all_games,21,0.1331504537959949,6,886
low_arm,A_all_games,22,0.1333342604713781,6,862
low_arm,A_all_games,23,0.14096218309970604,6,838
low_arm,A_all_games,24,0.16660659570120662,6,825
low_arm,A_all_games,25,0.1861477006153319,6,795
low_arm,A_all_games,26,0.16512486332528287,6,764
low_arm,A_all_games,27,0.16674840212175737,6,744
low_arm,A_all_games,28,0.18164312918049888,6,724
low_arm,A_all_games,29,0.1789626321589992,6,699
low_arm,A_all_games,30,0.17273030909342765,6,676
low_arm,B_reached_30,1,0.6186516696863911,6,676
low_arm,B_reached_30,2,0.38962852360111394,6,676
low_arm,B_reached_30,3,0.3577140376528664,6,676
low_arm,B_reached_30,4,0.1085676709307248,6,676
low_arm,B_reached_30,5,0.27810371193495514,6,676
low_arm,B_reached_30,6,0.1987575083492709,6,676
low_arm,B_reached_30,7,0.19008089586330734,6,676
low_arm,B_reached_30,8,0.15234887501990863,6,676
low_arm,B_reached_30,9,0.15036526769226546,6,676
low_arm,B_reached_30,10,0.14224516062606682,6,676
low_arm,B_reached_30,11,0.14733337607786132,6,676
low_arm,B_reached_30,12,0.11458433080820507,6,676
low_arm,B_reached_30,13,0.12085621182968283,6,676
low_arm,B_reached_30,14,0.09487751684532536,6,676
low_arm,B_reached_30,15,0.12205671727402599,6,676
low_arm,B_reached_30,16,0.12541565878722274,6,676
low_arm,B_reached_30,17,0.14937027971554595,6,676
low_arm,B_reached_30,18,0.1209008701448851,6,676
low_arm,B_reached_30,19,0.11344096693625348,6,676
low_arm,B_reached_30,20,0.12854046462658483,6,676
low_arm,B_reached_30,21,0.13178074629775183,6,676
low_arm,B_reached_30,22,0.1371840968998092,6,676
low_arm,B_reached_30,23,0.1407478351421678,6,676
low_arm,B_reached_30,24,0.16964603282034404,6,676
low_arm,B_reached_30,25,0.18026232516353877,6,676
low_arm,B_reached_30,26,0.15979609071868775,6,676
low_arm,B_reached_30,27,0.16048857633760719,6,676
low_arm,B_reached_30,28,0.17001355556743006,6,676
low_arm,B_reached_30,29,0.1749071422383388,6,676
low_arm,B_reached_30,30,0.17273030909342765,6,676
low_arm,C_from_end,0,0.1998792270531401,6,1656
low_arm,C_from_end,1,0.19135092189617575,6,1604
low_arm,C_from_end,2,0.1810886840848642,6,1562
low_arm,C_from_end,3,0.1839946326720344,6,1521
low_arm,C_from_end,4,0.1916304554755283,6,1462
low_arm,C_from_end,5,0.1943328262399995,6,1414
low_arm,C_from_end,6,0.1892819509605295,6,1378
low_arm,C_from_end,7,0.1613528132874246,6,1323
low_arm,C_from_end,8,0.1683432230295221,6,1294
low_arm,C_from_end,9,0.17346338802592223,6,1261
low_arm,C_from_end,10,0.1675483943827257,6,1211
low_arm,C_from_end,11,0.17420265762481926,6,1188
low_arm,C_from_end,12,0.16642119384503867,6,1149
low_arm,C_from_end,13,0.18746982763485812,6,1124
low_arm,C_from_end,14,0.17705340320429674,6,1077
low_arm,C_from_end,15,0.1688219602044363,6,1034
low_arm,C_from_end,16,0.1470885422275038,6,1000
low_arm,C_from_end,17,0.161192826686029,6,972
low_arm,C_from_end,18,0.16464344119727028,6,946
low_arm,C_from_end,19,0.1861866251091554,6,919
low_arm,C_from_end,20,0.17045940001433402,6,886
low_arm,C_from_end,21,0.18995822077020794,6,862
low_arm,C_from_end,22,0.19420953085144885,6,838
low_arm,C_from_end,23,0.22115276303372974,6,825
low_arm,C_from_end,24,0.22450610457604173,6,795
low_arm,C_from_end,25,0.29559701039395536,6,764
low_arm,C_from_end,26,0.14707353959499267,6,744
low_arm,C_from_end,27,0.3642945623106785,6,724
low_arm,C_from_end,28,0.40002867364683753,6,699
low_arm,C_from_end,29,0.6186516696863911,6,676
prereg,A_all_games,1,0.6424954470644763,69,18944
prereg,A_all_games,2,0.5352102515500996,69,18184
prereg,A_all_games,3,0.5071971065090257,69,17438
prereg,A_all_games,4,0.40925958727749473,69,16881
prereg,A_all_games,5,0.47993222540465624,69,16276
prereg,A_all_games,6,0.4580654873170796,69,15731
prereg,A_all_games,7,0.4461200731494523,69,15131
prereg,A_all_games,8,0.4256809089178906,69,14632
prereg,A_all_games,9,0.41424778750583247,69,14089
prereg,A_all_games,10,0.41296595045535106,69,13614
prereg,A_all_games,11,0.409244549736933,69,13117
prereg,A_all_games,12,0.39947950707861213,69,12685
prereg,A_all_games,13,0.3938087336285146,69,12276
prereg,A_all_games,14,0.3518057673298054,69,11890
prereg,A_all_games,15,0.3877209620147282,69,11522
prereg,A_all_games,16,0.38624758596547615,69,11118
prereg,A_all_games,17,0.39181426333330016,69,10745
prereg,A_all_games,18,0.3803996129725739,69,10421
prereg,A_all_games,19,0.36641021286048675,69,10074
prereg,A_all_games,20,0.3795739768541327,69,9756
prereg,A_all_games,21,0.38179925417055693,69,9405
prereg,A_all_games,22,0.3824292332207957,69,9092
prereg,A_all_games,23,0.36914570644507777,69,8780
prereg,A_all_games,24,0.35944426505145716,69,8517
prereg,A_all_games,25,0.37421963090278015,69,8273
prereg,A_all_games,26,0.38131453585591096,69,8022
prereg,A_all_games,27,0.38276935319077243,69,7829
prereg,A_all_games,28,0.3904221839532139,69,7552
prereg,A_all_games,29,0.38519572645417344,69,7305
prereg,A_all_games,30,0.3838992254455751,69,7053
prereg,B_reached_30,1,0.6515454401581561,69,7053
prereg,B_reached_30,2,0.5336349307335669,69,7053
prereg,B_reached_30,3,0.4948808801030075,69,7053
prereg,B_reached_30,4,0.4058467852971649,69,7053
prereg,B_reached_30,5,0.47299055378980615,69,7053
prereg,B_reached_30,6,0.4491822363386697,69,7053
prereg,B_reached_30,7,0.4446112762856725,69,7053
prereg,B_reached_30,8,0.4284349543396502,69,7053
prereg,B_reached_30,9,0.41107799973089254,69,7053
prereg,B_reached_30,10,0.4095858131456655,69,7053
prereg,B_reached_30,11,0.4060744674335172,69,7053
prereg,B_reached_30,12,0.3956823532207916,69,7053
prereg,B_reached_30,13,0.39279675143232795,69,7053
prereg,B_reached_30,14,0.3518657369761245,69,7053
prereg,B_reached_30,15,0.38676955619089415,69,7053
prereg,B_reached_30,16,0.38795319762381897,69,7053
prereg,B_reached_30,17,0.3944204729920472,69,7053
prereg,B_reached_30,18,0.37950875467722506,69,7053
prereg,B_reached_30,19,0.3649569390652869,69,7053
prereg,B_reached_30,20,0.381023657067421,69,7053
prereg,B_reached_30,21,0.3796960821234414,69,7053
prereg,B_reached_30,22,0.38432297084516975,69,7053
prereg,B_reached_30,23,0.37465316846355684,69,7053
prereg,B_reached_30,24,0.36360500197886575,69,7053
prereg,B_reached_30,25,0.3772043962218846,69,7053
prereg,B_reached_30,26,0.38659935603791196,69,7053
prereg,B_reached_30,27,0.38431620883379397,69,7053
prereg,B_reached_30,28,0.38904762018162414,69,7053
prereg,B_reached_30,29,0.3830563742740052,69,7053
prereg,B_reached_30,30,0.3838992254455751,69,7053
prereg,C_from_end,0,0.4039905486485161,69,18944
prereg,C_from_end,1,0.4033762845033629,69,18184
prereg,C_from_end,2,0.4045463791710932,69,17438
prereg,C_from_end,3,0.4095160666641501,69,16881
prereg,C_from_end,4,0.4066339568379572,69,16276
prereg,C_from_end,5,0.4020497319783987,69,15731
prereg,C_from_end,6,0.39538135282302955,69,15131
prereg,C_from_end,7,0.40494868690463276,69,14632
prereg,C_from_end,8,0.4104425088381878,69,14089
prereg,C_from_end,9,0.40776023879681855,69,13614
prereg,C_from_end,10,0.40748490701882206,69,13117
prereg,C_from_end,11,0.3989400294627157,69,12685
prereg,C_from_end,12,0.4108318451332654,69,12276
prereg,C_from_end,13,0.4156738461058952,69,11890
prereg,C_from_end,14,0.4119330375066014,69,11522
prereg,C_from_end,15,0.41453283502311833,69,11118
prereg,C_from_end,16,0.39152012698993754,69,10745
prereg,C_from_end,17,0.4168059775075598,69,10421
prereg,C_from_end,18,0.41897877034025405,69,10074
prereg,C_from_end,19,0.42657791021331537,69,9756
prereg,C_from_end,20,0.42723259464329183,69,9405
prereg,C_from_end,21,0.4300103578311988,69,9092
prereg,C_from_end,22,0.44203623399402225,69,8780
prereg,C_from_end,23,0.4538664574017031,69,8517
prereg,C_from_end,24,0.45573841267552984,69,8273
prereg,C_from_end,25,0.4763205495103864,69,8022
prereg,C_from_end,26,0.4223087516883639,69,7829
prereg,C_from_end,27,0.5024225357231947,69,7552
prereg,C_from_end,28,0.5394261121282352,69,7305
prereg,C_from_end,29,0.6515454401581561,69,7053
replication,A_all_games,1,0.5504921277195952,24,6622
replication,A_all_games,2,0.4417128217011069,24,6417
replication,A_all_games,3,0.42868679059863185,24,6243
replication,A_all_games,4,0.38995901175396236,24,6055
replication,A_all_games,5,0.38118694786554314,24,5872
replication,A_all_games,6,0.37396161750486495,24,5674
replication,A_all_games,7,0.36197744022645756,24,5501
replication,A_all_games,8,0.36674182097921976,24,5353
replication,A_all_games,9,0.360376813298318,24,5189
replication,A_all_games,10,0.3664132578753554,24,5022
replication,A_all_games,11,0.3728307845044803,24,4878
replication,A_all_games,12,0.36292607764574436,24,4737
replication,A_all_games,13,0.36992766838509805,24,4607
replication,A_all_games,14,0.360947343435644,24,4438
replication,A_all_games,15,0.3726703839570264,24,4296
replication,A_all_games,16,0.3683940301478799,24,4166
replication,A_all_games,17,0.35679134063475987,24,4046
replication,A_all_games,18,0.36113995242159797,24,3913
replication,A_all_games,19,0.3602261183007826,24,3800
replication,A_all_games,20,0.3631195402171941,24,3693
replication,A_all_games,21,0.3711708059654875,24,3566
replication,A_all_games,22,0.371219837259576,24,3467
replication,A_all_games,23,0.38307877260959095,24,3365
replication,A_all_games,24,0.3883012438417883,24,3235
replication,A_all_games,25,0.37906912358955697,24,3136
replication,A_all_games,26,0.38168933372261565,24,3043
replication,A_all_games,27,0.38579807442522984,24,2948
replication,A_all_games,28,0.37784339542674855,24,2853
replication,A_all_games,29,0.37498796426250797,24,2772
replication,A_all_games,30,0.3776326710415123,24,2691
replication,B_reached_30,1,0.5482128538443736,24,2691
replication,B_reached_30,2,0.43808600278510496,24,2691
replication,B_reached_30,3,0.4222878068116245,24,2691
replication,B_reached_30,4,0.38525257075614744,24,2691
replication,B_reached_30,5,0.37457556195521313,24,2691
replication,B_reached_30,6,0.3655000038283442,24,2691
replication,B_reached_30,7,0.3523754854726893,24,2691
replication,B_reached_30,8,0.3613523867929455,24,2691
replication,B_reached_30,9,0.34890400360319757,24,2691
replication,B_reached_30,10,0.3627680073267381,24,2691
replication,B_reached_30,11,0.35912031263533745,24,2691
replication,B_reached_30,12,0.3586591326523769,24,2691
replication,B_reached_30,13,0.35776708144549224,24,2691
replication,B_reached_30,14,0.3425318241681818,24,2691
replication,B_reached_30,15,0.3545209284682451,24,2691
replication,B_reached_30,16,0.35701249785914085,24,2691
replication,B_reached_30,17,0.3442668689392356,24,2691
replication,B_reached_30,18,0.353640026247612,24,2691
replication,B_reached_30,19,0.34777790770731554,24,2691
replication,B_reached_30,20,0.34978452810612864,24,2691
replication,B_reached_30,21,0.35787260052290687,24,2691
replication,B_reached_30,22,0.3651740094949849,24,2691
replication,B_reached_30,23,0.3705571921043979,24,2691
replication,B_reached_30,24,0.3815006044573474,24,2691
replication,B_reached_30,25,0.37020527142537146,24,2691
replication,B_reached_30,26,0.3784213976342137,24,2691
replication,B_reached_30,27,0.38029152206621025,24,2691
replication,B_reached_30,28,0.3759266551575118,24,2691
replication,B_reached_30,29,0.3736143384931965,24,2691
replication,B_reached_30,30,0.3776326710415123,24,2691
replication,C_from_end,0,0.390702686977679,24,6622
replication,C_from_end,1,0.38938341557580197,24,6417
replication,C_from_end,2,0.3934699510979067,24,6243
replication,C_from_end,3,0.39137067396688563,24,6055
replication,C_from_end,4,0.38974126843994505,24,5872
replication,C_from_end,5,0.38324279685028007,24,5674
replication,C_from_end,6,0.38993665411971357,24,5501
replication,C_from_end,7,0.38274023192711987,24,5353
replication,C_from_end,8,0.382678792746974,24,5189
replication,C_from_end,9,0.37627423830422674,24,5022
replication,C_from_end,10,0.36894710967492267,24,4878
replication,C_from_end,11,0.3715104767705508,24,4737
replication,C_from_end,12,0.3731987635490605,24,4607
replication,C_from_end,13,0.3702500100440205,24,4438
replication,C_from_end,14,0.3728831487765318,24,4296
replication,C_from_end,15,0.3701976449994988,24,4166
replication,C_from_end,16,0.3632367208693172,24,4046
replication,C_from_end,17,0.374839440464599,24,3913
replication,C_from_end,18,0.37385298692107716,24,3800
replication,C_from_end,19,0.3725838461390048,24,3693
replication,C_from_end,20,0.3778442441427338,24,3566
replication,C_from_end,21,0.3691935101446852,24,3467
replication,C_from_end,22,0.3814073452936538,24,3365
replication,C_from_end,23,0.373703755438419,24,3235
replication,C_from_end,24,0.38229686323940504,24,3136
replication,C_from_end,25,0.3844700168199138,24,3043
replication,C_from_end,26,0.3925480672872797,24,2948
replication,C_from_end,27,0.4259563090265949,24,2853
replication,C_from_end,28,0.4424503652266692,24,2772
replication,C_from_end,29,0.5482128538443736,24,2691
