sandbox,block,model,condition,effort,score_state,paraphrase,n_games,discrimination,accuracy,say_model_rate
B1-absent-high-ahead,B1,DeepSeek,absent,high,ahead,p1,144,0.5104166666666666,0.7986111111111112,0.2847222222222222
B1-absent-off-ahead,B1,DeepSeek,absent,off,ahead,p1,266,0.03234042553191491,0.5375939849624061,0.14285714285714285
B1-forbidden-high-behind,B1,DeepSeek,forbidden,high,behind,p1,241,0.553621560920831,0.7883817427385892,0.3775933609958506
B1-forbidden-off-ahead,B1,DeepSeek,forbidden,off,ahead,p1,256,0.07009803921568626,0.55859375,0.12109375
B1-forbidden-off-behind,B1,DeepSeek,forbidden,off,behind,p1,257,0.006096817461285209,0.5330739299610895,0.13229571984435798
B1-hidden-high-behind,B1,DeepSeek,hidden,high,behind,p1,236,0.47887731481481477,0.7542372881355932,0.3050847457627119
B1-hidden-off-ahead,B1,DeepSeek,hidden,off,ahead,p1,249,-0.03379953379953379,0.5060240963855421,0.12048192771084337
B1-hidden-off-behind,B1,DeepSeek,hidden,off,behind,p1,247,-0.012648221343873514,0.5222672064777328,0.08502024291497975
B1-permitted-high-behind,B1,DeepSeek,permitted,high,behind,p1,243,0.3318499246884842,0.6872427983539094,0.2757201646090535
B1-permitted-off-ahead,B1,DeepSeek,permitted,off,ahead,p1,259,-0.031123058542413373,0.5019305019305019,0.0888030888030888
B1-permitted-off-behind,B1,DeepSeek,permitted,off,behind,p1,249,-0.0111916159917195,0.5100401606425703,0.20080321285140562
B2-forbidden-high-behind,B2,DeepSeek,forbidden,high,behind,p1,233,0.546452576549664,0.7896995708154506,0.3261802575107296
B2-forbidden-off-ahead,B2,DeepSeek,forbidden,off,ahead,p1,263,0.004471544715447168,0.5247148288973384,0.1520912547528517
B2-forbidden-off-behind,B2,DeepSeek,forbidden,off,behind,p1,250,0.009158926728586148,0.532,0.188
B2-hidden-high-behind,B2,DeepSeek,hidden,high,behind,p1,243,0.4177886576907385,0.720164609053498,0.3045267489711934
B2-hidden-off-ahead,B2,DeepSeek,hidden,off,ahead,p1,239,0.026393581081081086,0.5439330543933054,0.06694560669456066
B2-hidden-off-behind,B2,DeepSeek,hidden,off,behind,p1,250,0.020512820512820495,0.524,0.156
B2-permitted-high-behind,B2,DeepSeek,permitted,high,behind,p1,251,0.24410602778131768,0.6374501992031872,0.2350597609561753
B2-permitted-off-ahead,B2,DeepSeek,permitted,off,ahead,p1,240,0.013986013986013984,0.5416666666666666,0.08333333333333333
B2-permitted-off-behind,B2,DeepSeek,permitted,off,behind,p1,256,0.03431372549019607,0.5390625,0.1484375
B3-forbidden-high-behind,B3,DeepSeek,forbidden,high,behind,p2,245,0.45696337877572835,0.7387755102040816,0.2938775510204082
B3-forbidden-off-ahead,B3,DeepSeek,forbidden,off,ahead,p2,266,-0.06837800999545661,0.49624060150375937,0.05263157894736842
B3-forbidden-off-behind,B3,DeepSeek,forbidden,off,behind,p2,259,-0.02077611940298507,0.5057915057915058,0.03474903474903475
B3-hidden-high-behind,B3,DeepSeek,hidden,high,behind,p2,227,0.3663194444444444,0.7136563876651982,0.23788546255506607
B3-hidden-off-ahead,B3,DeepSeek,hidden,off,ahead,p2,239,-0.01714890613973183,0.5313807531380753,0.04602510460251046
B3-hidden-off-behind,B3,DeepSeek,hidden,off,behind,p2,211,0.09378596087456846,0.6492890995260664,0.08056872037914692
B3-permitted-high-behind,B3,DeepSeek,permitted,high,behind,p2,231,0.4202184951531005,0.7445887445887446,0.2510822510822511
B3-permitted-off-ahead,B3,DeepSeek,permitted,off,ahead,p2,225,0.09310850439882698,0.6133333333333333,0.10666666666666667
B3-permitted-off-behind,B3,DeepSeek,permitted,off,behind,p2,219,0.04444444444444444,0.5616438356164384,0.0867579908675799
B4-forbidden-high-behind,B4,DeepSeek,forbidden,high,behind,p2,239,0.4043048694424841,0.7154811715481172,0.3305439330543933
B4-forbidden-off-ahead,B4,DeepSeek,forbidden,off,ahead,p2,257,-0.04000730727073438,0.5136186770428015,0.04669260700389105
B4-forbidden-off-behind,B4,DeepSeek,forbidden,off,behind,p2,263,0.00382342718109141,0.5209125475285171,0.045627376425855515
B4-hidden-high-behind,B4,DeepSeek,hidden,high,behind,p2,253,0.3679838912660458,0.7035573122529645,0.2490118577075099
B4-hidden-off-ahead,B4,DeepSeek,hidden,off,ahead,p2,227,-0.03819607843137255,0.5286343612334802,0.030837004405286344
B4-hidden-off-behind,B4,DeepSeek,hidden,off,behind,p2,251,0.005734675672231432,0.5298804780876494,0.04780876494023904
B4-permitted-high-behind,B4,DeepSeek,permitted,high,behind,p2,242,0.3560046906256467,0.7024793388429752,0.23553719008264462
B4-permitted-off-ahead,B4,DeepSeek,permitted,off,ahead,p2,228,0.020569130838230754,0.5394736842105263,0.08333333333333333
B4-permitted-off-behind,B4,DeepSeek,permitted,off,behind,p2,230,-0.02586537723539796,0.5391304347826087,0.07391304347826087
B5-forbidden-high-behind,B5,DeepSeek,forbidden,high,behind,p3,215,0.577496408045977,0.8186046511627907,0.28837209302325584
B5-forbidden-off-ahead,B5,DeepSeek,forbidden,off,ahead,p3,263,-0.05465493283927744,0.4866920152091255,0.09125475285171103
B5-forbidden-off-behind,B5,DeepSeek,forbidden,off,behind,p3,260,0.07020872865275142,0.5538461538461539,0.09230769230769231
B5-hidden-high-behind,B5,DeepSeek,hidden,high,behind,p3,220,0.5383964101261536,0.8,0.2590909090909091
B5-hidden-off-ahead,B5,DeepSeek,hidden,off,ahead,p3,182,0.011818181818181825,0.6978021978021978,0.07142857142857142
B5-hidden-off-behind,B5,DeepSeek,hidden,off,behind,p3,158,0.2049164208456244,0.7278481012658228,0.16455696202531644
B5-permitted-high-behind,B5,DeepSeek,permitted,high,behind,p3,237,0.2569917403274888,0.6624472573839663,0.22362869198312235
B5-permitted-off-ahead,B5,DeepSeek,permitted,off,ahead,p3,170,0.11185133239831699,0.7411764705882353,0.07058823529411765
B5-permitted-off-behind,B5,DeepSeek,permitted,off,behind,p3,132,0.054904586541680615,0.7651515151515151,0.06060606060606061
B6-forbidden-high-behind,B6,DeepSeek,forbidden,high,behind,p3,214,0.4468864468864469,0.7663551401869159,0.2523364485981308
B6-forbidden-off-ahead,B6,DeepSeek,forbidden,off,ahead,p3,249,0.03749028749028749,0.5381526104417671,0.17670682730923695
B6-forbidden-off-behind,B6,DeepSeek,forbidden,off,behind,p3,263,0.04337979094076655,0.5475285171102662,0.09885931558935361
B6-hidden-high-behind,B6,DeepSeek,hidden,high,behind,p3,228,0.3954887218045113,0.7368421052631579,0.2324561403508772
B6-hidden-off-ahead,B6,DeepSeek,hidden,off,ahead,p3,180,-0.021822849807445442,0.6555555555555556,0.05
B6-hidden-off-behind,B6,DeepSeek,hidden,off,behind,p3,147,0.037790697674418616,0.6666666666666666,0.1360544217687075
B6-permitted-high-behind,B6,DeepSeek,permitted,high,behind,p3,221,0.3230535894843276,0.7104072398190046,0.18099547511312217
B6-permitted-off-ahead,B6,DeepSeek,permitted,off,ahead,p3,167,0.007428571428571423,0.718562874251497,0.0658682634730539
B6-permitted-off-behind,B6,DeepSeek,permitted,off,behind,p3,121,0.10121457489878544,0.7768595041322314,0.0743801652892562
M1-forbidden-off-ahead,B1,MiMo,forbidden,off,ahead,p1,187,0.025623427133379117,0.5133689839572193,0.39572192513368987
M1-forbidden-off-behind,B1,MiMo,forbidden,off,behind,p1,209,0.18888888888888894,0.5980861244019139,0.4258373205741627
M1-permitted-off-behind,B1,MiMo,permitted,off,behind,p1,194,0.19587628865979378,0.5979381443298969,0.5103092783505154
M2-forbidden-off-ahead,B2,MiMo,forbidden,off,ahead,p1,225,0.15919531126247422,0.5777777777777777,0.5333333333333333
M2-forbidden-off-behind,B2,MiMo,forbidden,off,behind,p1,195,0.2571428571428571,0.6307692307692307,0.46153846153846156
M3-forbidden-off-ahead,B3,MiMo,forbidden,off,ahead,p2,225,0.06481481481481477,0.5288888888888889,0.5866666666666667
M3-forbidden-off-behind,B3,MiMo,forbidden,off,behind,p2,220,0.15424696054916875,0.5727272727272728,0.6590909090909091
M4-forbidden-off-ahead,B4,MiMo,forbidden,off,ahead,p2,52,0.17972350230414746,0.5384615384615384,0.75
M4-forbidden-off-behind,B4,MiMo,forbidden,off,behind,p2,196,0.1672955974842767,0.5714285714285714,0.6428571428571429
M5-forbidden-off-ahead,B5,MiMo,forbidden,off,ahead,p3,123,0.2544283413848631,0.6585365853658537,0.22764227642276422
M5-forbidden-off-behind,B5,MiMo,forbidden,off,behind,p3,232,0.09199522102747909,0.5517241379310345,0.41379310344827586
M6-forbidden-off-ahead,B6,MiMo,forbidden,off,ahead,p3,194,0.09324827219564058,0.5463917525773195,0.5103092783505154
M6-forbidden-off-behind,B6,MiMo,forbidden,off,behind,p3,156,0.051282051282051266,0.5256410256410257,0.2564102564102564
